"CASEID","POINT_X","POINT_Y","YEAR_","LOCATION","CHPTYPE","DAYWEEK","CRASHSEV","VIOLCAT","KILLED","INJURED","WEATHER1","PEDCOL","BICCOL","MCCOL","TRUCKCOL","ETOH","TIMECAT","MONTH_","CRASHTYP","INVOLVE","PED","PRIMARYRD","SECONDRD","DISTANCE","DIRECT","INTERSECT_","PROCDATE","JURIS","DATE_","TIME_","BADGE","JURIDIST","SHIFT","POP","SPECIAL","BEATTYPE","LAPDDIV","BEATCLAS","BEATNUMB","WEATHER2","STATEHW","CALTRANC","CALTRAND","STROUTE","ROUTESUF","POSTPRE","POSTMILE","LOCATYPE","RAMP","SIDEHW","TOWAWAY","PARTIES","PCF","VIOLCODE","VIOL","VIOLSUB","HITRUN","ROADSURF","RDCOND1","RDCOND2","LIGHTING","RIGHTWAY","CHPRDTYP","NOTPRIV","STFAULT","CHPFAULT","SEVINJ","OTHERINJ","COP","PEDKILL","PEDINJ","BICKILL","BICINJ","MCKILL","MCINJURE","RAMP1","RAMP2","CITY","COUNTY","STATE","X_CHP","Y_CHP"
"6754128",-121.3766831,38.704055,2014,"3400","4","2","4","09",0,2,"B",,,,,,900,12,"A","C","A","ANTELOPE RD","BLACK BEAR DR",0,,"Y","2015-02-09",9250,"2014-12-16",730,"15423",,"1","9","0","2",,"1","012","C","N",,0,0,,,0,,,,"Y",2,"A","-",21801,"A","N","B","H","-","A","A","0","Y","A","01",0,0,2,0,0,0,0,0,0,"-","-","UNINCORPORATED","SACRAMENTO","CA",0,0
"6754127",-121.375661,38.6398663,2014,"3400","4","4","2","11",0,1,"B","Y",,,,,1800,12,"G","B","D","AUBURN BL","PASADENA AV",107,"S","N","2015-02-09",9250,"2014-12-18",1710,"19090",,"2","9","0","2",,"1","021","-","N",,0,0,,,0,,,,"N",2,"A","-",21954,"A","N","A","H","-","C","D","0","Y","N","60",1,0,0,0,1,0,0,0,0,"-","-","UNINCORPORATED","SACRAMENTO","CA",-121.358,38.65
"6754126",-121.382818,38.6686051,2014,"3400","5","4","4","09",0,1,"A",,,"Y",,,1500,12,"D","C","A","A ST","WATT ST",50,"E","N","2015-02-09",9250,"2014-12-18",1350,"16624",,"1","9","0","3",,"2","010","-","N",,0,0,,,0,,,,"N",2,"A","-",21804,"A","N","A","H","-","A","D","0","Y","A","07",0,0,1,0,0,0,0,0,1,"-","-","UNINCORPORATED","SACRAMENTO","CA",0,0
"6754125",-121.328473,38.622205,2014,"3400","4","7","4","05",0,1,"B",,"Y",,,,1800,12,"H","G","A","FAIR OAKS BL","ANGELINA AV",0,,"Y","2015-02-09",9250,"2014-12-21",1555,"17482",,"2","9","0","2",,"1","053","-","N",,0,0,,,0,,,,"N",2,"A","-",21650,"1","N","A","H","-","A","A","0","Y","L","04",0,0,1,0,0,0,1,0,0,"-","-","UNINCORPORATED","SACRAMENTO","CA",0,0
"6754124",-121.2721653,38.6397133,2014,"3400","4","2","4","07",0,2,"B",,,,,,1800,12,"B","C","A","FAIR OAKS BL","SUNRISE BL",200,"W","N","2015-02-09",9250,"2014-12-16",1710,"17752",,"2","9","0","2",,"1","053","C","N",,0,0,,,0,,,,"N",2,"A","-",21658,"A","N","B","H","-","C","A","0","Y","A","01",0,0,2,0,0,0,0,0,0,"-","-","UNINCORPORATED","SACRAMENTO","CA",0,0
"6754123",-121.3459453,38.7037299,2014,"3400","5","2","4","21",0,2,"B",,,,,,1200,12,"C","C","A","DON JULIO BL","ANTELOPE RD",20,"N","N","2015-02-09",9250,"2014-12-16",905,"15423",,"1","9","0","3",,"2","010","C","N",,0,0,,,0,,,,"N",2,"A","-",22106,,"N","B","H","-","A","A","0","Y","A","01",0,0,2,0,0,0,0,0,0,"-","-","UNINCORPORATED","SACRAMENTO","CA",0,0
"6754122",-121.2922931,38.663715,2014,"3400","4","7","2","12",0,1,"A",,,,,,2400,12,"D","C","A","MADISON AV","SAN JUAN AV",0,,"Y","2015-02-09",9250,"2014-12-14",2345,"18656",,"3","9","0","2",,"1","024","-","N",,0,0,,,0,,,,"Y",2,"A","-",21453,"A","N","A","H","-","C","A","0","Y","A","01",1,0,0,0,0,0,0,0,0,"-","-","UNINCORPORATED","SACRAMENTO","CA",0,0
"6754121",-121.3835243,38.6902651,2014,"3400","4","7","4","03",0,1,"B",,,,,,1800,12,"C","C","A","ELKHORN BL","WATT AV",163,"W","N","2015-02-09",9250,"2014-12-14",1735,"17819",,"2","9","0","2",,"1","062","-","N",,0,0,,,0,,,,"Y",2,"A","-",22350,,"N","A","H","-","C","D","0","Y","A","01",0,0,1,0,0,0,0,0,0,"-","-","UNINCORPORATED","SACRAMENTO","CA",-121.38369,38.69026
"6753994",-121.3830331,38.604885,2014,"3400","4","2","4","09",0,1,"A",,"Y",,,,1800,12,"D","G","A","WATT AV","MARYAL DR",0,,"Y","2015-02-11",9250,"2014-12-09",1540,"017620",,"2","9","0","2",,"1","045","-","N",,0,0,,,0,,,,"N",2,"A","-",21802,"A","F","A","H","-","A","A","0","Y","-","99",0,0,1,0,0,0,1,0,0,"-","-","UNINCORPORATED","SACRAMENTO","CA",0,0
"6753673",-121.4135956,38.599968,2014,"3400","5","4","4","05",0,1,"B",,,,,,1200,12,"A","C","A","WYDA WY","HOWE AV",500,"E","N","2015-02-11",9250,"2014-12-04",905,"14344",,"1","9","0","3",,"2","040","-","N",,0,0,,,0,,,,"Y",2,"A","-",21650,,"N","A","H","-","A","D","0","Y","A","01",0,0,1,0,0,0,0,0,0,"-","-","UNINCORPORATED","SACRAMENTO","CA",0,0
"6753669",-121.3252264,38.6609318,2014,"3400","4","3","2","03",0,3,"B",,,,,,2400,12,"C","C","A","MADISON AV","SCHUYLER DR",20,"E","N","2015-02-11",9250,"2014-12-03",2144,"14532",,"2","9","0","2",,"1","024","-","N",,0,0,,,0,,,,"Y",2,"A","-",22350,,"N","B","H","-","C","A","0","Y","D","22",1,0,2,0,0,0,0,0,0,"-","-","UNINCORPORATED","SACRAMENTO","CA",0,0
"6753665",-121.3830804,38.6171225,2014,"3400","4","3","2","08",0,3,"B",,,,,,2100,12,"A","C","A","WATT AV","MARCONI AV",245,"S","N","2015-02-11",9250,"2014-12-03",1930,"17818",,"2","9","0","2",,"1","045","-","N",,0,0,,,0,,,,"Y",3,"A","-",22107,,"N","B","H","-","C","D","0","Y","A","07",1,0,2,0,0,0,0,0,0,"-","-","UNINCORPORATED","SACRAMENTO","CA",0,0
"6753657",-121.4153132,38.621725,2014,"3400","4","3","4","12",0,4,"C",,,,,,2100,12,"D","C","A","HOWE AV","EDISON AV",0,,"Y","2015-02-03",9250,"2014-12-03",1920,"18260",,"2","9","0","2",,"1","041","-","N",,0,0,,,0,,,,"N",2,"A","-",22450,"A","N","B","H","-","C","A","0","Y","-","-",0,0,4,0,0,0,0,0,0,"-","-","UNINCORPORATED","SACRAMENTO","CA",0,0
"6753653",-121.3085949,38.6646124,2014,"3400","5","3","4","11",0,1,"B","Y",,,,,600,12,"G","B","D","DEWEY DR","MARKLEY WY",50,"N","N","2015-01-28",9250,"2014-12-03",520,"14532",,"3","9","0","3",,"2","020","-","N",,0,0,,,0,,,,"N",2,"A","-",21954,"A","N","B","H","-","C","D","0","Y","N","60",0,0,1,0,1,0,0,0,0,"-","-","UNINCORPORATED","SACRAMENTO","CA",0,0
"6753649",-121.3676311,38.6863877,2014,"3400","5","4","4","03",0,2,"B",,,,,,2100,12,"C","A","A","DON JULIO BL","LARCHMONT DR",15,"E","N","2015-01-28",9250,"2014-12-04",1801,"15866",,"2","9","0","3",,"2","010","-","N",,0,0,,,0,,,,"N",2,"A","-",22350,,"N","A","H","-","C","A","0","Y","A","07",0,0,2,0,0,0,0,0,0,"-","-","UNINCORPORATED","SACRAMENTO","CA",0,0
"6753645",-121.3865632,38.635815,2014,"3400","5","7","2","05",0,1,"B",,"Y",,,,1200,12,"H","G","A","AUBURN BL","VICKERS CT",0,,"Y","2015-01-28",9250,"2014-12-07",1040,"14344",,"1","9","0","3",,"2","040","-","N",,0,0,,,0,,,,"N",2,"A","-",21650,"1","F","A","H","-","A","D","0","Y","L","04",1,0,0,0,0,0,1,0,0,"-","-","UNINCORPORATED","SACRAMENTO","CA",0,0
"6753625",-121.3270848,38.6607211,2014,"3400","4","4","4","03",0,2,"B",,,,,,1800,12,"C","C","A","MADISON AV","MANZANITA AV",100,"E","N","2015-02-11",9250,"2014-12-11",1519,"17620",,"2","9","0","2",,"1","024","-","N",,0,0,,,0,,,,"N",2,"A","-",22350,,"N","B","H","-","A","D","0","Y","D","22",0,0,2,0,0,0,0,0,0,"-","-","UNINCORPORATED","SACRAMENTO","CA",0,0
"6753621",-121.4021189,38.714379,2014,"3400","4","5","4","01",0,1,"C",,,,,"Y",2100,12,"E","I","A","ELVERTA RD","28TH ST",150,"W","N","2015-01-28",9250,"2014-12-05",1905,"19090",,"2","9","0","2",,"1","062","-","N",,0,0,,,0,,,,"Y",1,"A","-",23152,"A","N","B","H","-","A","D","0","Y","D","22",0,0,1,0,0,0,0,0,0,"-","-","UNINCORPORATED","SACRAMENTO","CA",-121.4025,38.7142
"6753613",-121.334351,38.6815377,2014,"3404","4","5","4","03",0,2,"B",,,,,,900,12,"C","C","A","GREENBACK LN","GARFIELD AV",300,"W","N","2015-01-29",9250,"2014-12-05",820,"18774",,"1","7","0","2",,"1","022","-","N",,0,0,,,0,,,,"Y",3,"A","-",22350,,"N","B","H","-","A","D","0","Y","A","01",0,0,2,0,0,0,0,0,0,"-","-","SACRAMENTO","SACRAMENTO","CA",-121.33451,38.68154
"6753605",-121.410743,38.598335,2014,"3400","4","3","3","12",0,3,"B",,,,,,1500,12,"D","C","A","ALTA ARDEN EXPWY","BELL AV",0,,"Y","2015-01-28",9250,"2014-12-10",1458,"17620",,"2","9","0","2",,"1","049","-","N",,0,0,,,0,,,,"Y",3,"A","-",21453,"A","N","A","H","-","A","A","0","Y","D","22",0,1,2,0,0,0,0,0,0,"-","-","UNINCORPORATED","SACRAMENTO","CA",0,0
"6753601",-121.3955057,38.5886751,2014,"3400","5","3","4","03",0,1,"B",,,,,,1800,12,"C","D","A","HURLEY WY","MICHAEL LN",45,"E","N","2015-07-15",9250,"2014-12-10",1500,"013736",,"2","9","0","3",,"2","040","-","N",,0,0,,,0,,,,"N",3,"A","-",22350,,"N","A","H","-","A","D","0","Y","A","08",0,0,1,0,0,0,0,0,0,"-","-","UNINCORPORATED","SACRAMENTO","CA",0,0
"6753599",-121.3924655,38.7196704,2014,"3400","4","1","4","18",0,1,"A",,,,,,1200,12,"E","I","A","WATT AV","CENTER COURT LN",235,"N","N","2015-02-03",9250,"2014-12-29",1035,"12931",,"1","9","0","2",,"1","011","-","N",,0,0,,,0,,,,"Y",1,"C","-",0,,"N","A","H","-","A","D","0","Y","-","-",0,0,1,0,0,0,0,0,0,"-","-","UNINCORPORATED","SACRAMENTO","CA",0,0
"6753598",-121.3212431,38.6295251,2014,"3400","5","5","4","12",0,1,"B",,,,,,1800,12,"D","C","A","CALIFORNIA AV","GRANT AV",0,,"Y","2015-01-29",9250,"2014-12-12",1712,"17482",,"2","9","0","3",,"2","050","C","N",,0,0,,,0,,,,"Y",3,"A","-",22450,"A","F","B","H","-","C","A","0","Y","D","22",0,0,1,0,0,0,0,0,0,"-","-","UNINCORPORATED","SACRAMENTO","CA",0,0
"6753597",-121.3783731,38.628625,2014,"3400","5","1","4","09",0,2,"A",,,,,"Y",2400,11,"D","C","A","WHITNEY AV","MONTCLAIRE ST",0,,"Y","2015-01-30",9250,"2014-11-17",2100,"014532",,"2","9","0","3",,"2","040","-","N",,0,0,,,0,,,,"Y",4,"A","-",21802,"B","N","A","H","-","E","A","0","Y","A","01",0,0,2,0,0,0,0,0,0,"-","-","UNINCORPORATED","SACRAMENTO","CA",0,0
"6753595",-121.2922659,38.6624497,2014,"3400","4","6","4","03",0,4,"A",,,,,,1500,12,"C","C","A","SAN JUAN AV","MADISON AV",461,"S","N","2015-01-29",9250,"2014-12-27",1430,"17897",,"2","9","0","2",,"1","025","-","N",,0,0,,,0,,,,"Y",3,"A","-",22350,,"N","A","H","-","A","A","0","Y","A","01",0,0,4,0,0,0,0,0,0,"-","-","UNINCORPORATED","SACRAMENTO","CA",-121.29215,38.66213
"6753594",-121.3548406,38.6534846,2014,"3400","4","5","4","03",0,1,"B",,,,,,1800,12,"C","C","A","AUBURN BL","MYRTLE AV",120,"S","N","2015-02-11",9250,"2014-12-12",1710,"19133",,"2","9","0","2",,"1","021","-","N",,0,0,,,0,,,,"N",2,"A","-",22350,,"N","B","H","-","C","D","0","Y","D","22",0,0,1,0,0,0,0,0,0,"-","-","UNINCORPORATED","SACRAMENTO","CA",0,0
"6753590",-121.3272353,38.6607247,2014,"3400","4","5","4","03",0,3,"B",,,,,,1800,12,"C","C","A","MADISON AV","MANZANITA AV",57,"E","N","2015-02-11",9250,"2014-12-12",1624,"17482",,"2","9","0","2",,"1","024","-","N",,0,0,,,0,,,,"N",3,"A","-",22350,,"N","B","H","-","A","A","0","Y","D","22",0,0,3,0,0,0,0,0,0,"-","-","UNINCORPORATED","SACRAMENTO","CA",0,0
"6753586",-121.2846031,38.663835,2014,"3400","4","5","3","09",0,2,"B",,,,,,1500,12,"D","C","A","MADISON AV","MARIPOSA AV",0,,"Y","2015-02-12",9250,"2014-12-12",1222,"17849",,"1","9","0","2",,"1","024","-","N",,0,0,,,0,,,,"Y",2,"A","-",21453,"C","N","A","H","-","A","A","0","Y","A","01",0,2,0,0,0,0,0,0,0,"-","-","UNINCORPORATED","SACRAMENTO","CA",0,0
"6753585",-121.390273,38.710695,2014,"3400","4","4","3","09",0,2,"B",,,,,,1200,11,"A","C","A","WATT AV","DELANEY DR",0,,"Y","2015-01-28",9250,"2014-11-13",1101,"015342",,"1","9","0","2",,"1","011","C","N",,0,0,,,0,,,,"Y",2,"A","-",21801,"A","N","B","H","-","A","A","0","Y","A","01",0,1,1,0,0,0,0,0,0,"-","-","UNINCORPORATED","SACRAMENTO","CA",0,0
"6753581",-121.408353,38.618075,2014,"3400","4","3","2","09",0,1,"B","Y",,,,,2100,12,"G","B","E","MARCONI AV","GLACIER ST",0,,"Y","2015-01-28",9250,"2014-12-24",2040,"18735",,"2","9","0","2",,"1","042","-","N",,0,0,,,0,,,,"N",2,"A","-",21801,"A","N","A","H","-","C","D","0","Y","D","22",1,0,0,0,1,0,0,0,0,"-","-","UNINCORPORATED","SACRAMENTO","CA",0,0
"6753579",-121.2841431,38.636805,2014,"3400","4","1","3","03",0,1,"B",,"Y",,,,2400,12,"H","G","A","FAIR OAKS BL","SOUTHCLIFF DR",0,,"Y","2015-02-12",9250,"2014-12-22",2110,"018816",,"2","9","0","2",,"1","053","-","N",,0,0,,,0,,,,"N",2,"A","-",22350,,"N","A","H","-","D","D","0","Y","L","04",0,1,0,0,0,0,1,0,0,"-","-","UNINCORPORATED","SACRAMENTO","CA",0,0
"6753578",-121.3857031,38.588585,2014,"3400","5","4","3","11",0,1,"B","Y",,,,"Y",2100,12,"G","B","D","HURLEY WY","GLENWOOD RD",0,,"Y","2015-01-28",9250,"2014-12-18",1914,"15961",,"2","9","0","3",,"2","040","-","N",,0,0,,,0,,,,"N",2,"A","-",21954,"A","N","A","H","-","D","D","0","Y","N","60",0,1,0,0,1,0,0,0,0,"-","-","UNINCORPORATED","SACRAMENTO","CA",0,0
"6753576",-121.3468525,38.6608377,2014,"3400","4","3","4","10",0,1,"B","Y",,,,,900,12,"G","B","B","AUBURN BL","MADISON AV",12,"N","N","2015-02-11",9250,"2014-12-10",638,"12470",,"1","9","0","2",,"1","021","-","N",,0,0,,,0,,,,"N",2,"A","-",21950,"A","N","A","H","-","C","A","0","Y","D","22",0,0,1,0,1,0,0,0,0,"-","-","UNINCORPORATED","SACRAMENTO","CA",0,0
"6753573",-121.415413,38.598385,2014,"3400","4","5","4","12",0,1,"A",,,,,,1800,12,"D","C","A","HOWE AV","ALTA ARDEN EXPWY",0,,"Y","2015-01-28",9250,"2014-12-26",1638,"19266",,"2","9","0","2",,"1","041","-","N",,0,0,,,0,,,,"Y",3,"A","-",21453,"A","N","A","H","-","A","A","0","Y","D","22",0,0,1,0,0,0,0,0,0,"-","-","UNINCORPORATED","SACRAMENTO","CA",0,0
"6753569",-121.4199786,38.5980543,2014,"3400","5","5","4","05",0,1,"A",,"Y",,,,2400,12,"H","C","A","ETHAN WY","ALTA ARDEN EXPWY",200,"N","N","2015-01-28",9250,"2014-12-26",2105,"19266",,"2","9","0","3",,"2","040","-","N",,0,0,,,0,,,,"N",2,"A","-",21650,"1","F","A","H","-","C","D","0","Y","L","04",0,0,1,0,0,0,1,0,0,"-","-","UNINCORPORATED","SACRAMENTO","CA",0,0
"6753566",-121.4154207,38.5816451,2014,"3400","4","3","3","01",0,1,"B",,,,,"Y",2400,12,"E","I","A","NORTHROP AV","HOWE AV",15,"E","N","2015-01-28",9250,"2014-12-17",2315,"14532",,"3","9","0","2",,"1","041","-","N",,0,0,,,0,,,,"Y",1,"A","-",23152,"A","N","B","H","-","C","D","0","Y","D","22",0,1,0,0,0,0,0,0,0,"-","-","UNINCORPORATED","SACRAMENTO","CA",0,0
"6753565",-121.3924132,38.714495,2014,"3400","4","2","3","00",0,1,"A",,,,,,900,12,"A","C","A","ELVERTA RD","WATT AV",0,,"Y","2015-01-28",9250,"2014-12-30",635,"15423",,"1","9","0","2",,"1","011","-","N",,0,0,,,0,,,,"Y",2,"D","-",0,,"N","A","H","-","B","A","0","Y","-","-",0,1,0,0,0,0,0,0,0,"-","-","UNINCORPORATED","SACRAMENTO","CA",0,0
"6753561",-121.3830881,38.618407,2014,"3400","4","2","4","03",0,1,"B",,,,,,1800,12,"C","C","A","WATT AV","MARCONI AV",223,"N","N","2015-01-28",9250,"2014-12-16",1555,"16495",,"2","9","0","2",,"1","045","-","N",,0,0,,,0,,,,"Y",3,"A","-",22350,,"N","A","H","-","A","D","0","Y","A","01",0,0,1,0,0,0,0,0,0,"-","-","UNINCORPORATED","SACRAMENTO","CA",0,0
"6753559",-121.3830774,38.6180419,2014,"3400","4","3","4","01",0,2,"B",,,,,"Y",2100,11,"B","C","A","WATT AV","MARCONI AV",90,"N","N","2015-01-30",9250,"2014-11-12",2050,"016141",,"2","9","0","2",,"1","045","-","N",,0,0,,,0,,,,"Y",7,"A","-",23152,"A","N","A","H","-","C","A","0","Y","A","01",0,0,2,0,0,0,0,0,0,"-","-","UNINCORPORATED","SACRAMENTO","CA",0,0
"6753553",-121.3367931,38.6208651,2014,"3400","5","1","3","12",0,2,"A",,,,,,1500,11,"C","C","A","GARFIELD AV","ROBERTSON AV",0,,"Y","2015-01-30",9250,"2014-11-17",1245,"012638",,"1","9","0","3",,"2","050","-","N",,0,0,,,0,,,,"Y",2,"A","-",22450,"A","N","A","H","-","A","A","0","Y","A","01",0,2,0,0,0,0,0,0,0,"-","-","UNINCORPORATED","SACRAMENTO","CA",0,0
"6753552",-121.3644931,38.6284551,2014,"3400","4","1","4","12",0,2,"A",,,,,,900,11,"D","C","A","WHITNEY AV","EASTERN AV",0,,"Y","2015-01-28",9250,"2014-11-17",820,"015342",,"1","9","0","2",,"1","051","-","N",,0,0,,,0,,,,"Y",2,"A","-",21453,"A","N","A","H","-","A","A","0","Y","D","22",0,0,2,0,0,0,0,0,0,"-","-","UNINCORPORATED","SACRAMENTO","CA",0,0
"6753551",-121.3644931,38.713345,2014,"3400","4","2","3","09",0,1,"A",,,"Y",,,2100,12,"D","C","A","WALERGA RD","ELVERTA RD",0,,"Y","2015-01-28",9250,"2014-12-30",1805,"17752",,"2","9","0","2",,"1","013","-","N",,0,0,,,0,,,,"Y",2,"A","-",21453,"C","N","A","H","-","B","A","0","Y","D","22",0,1,0,0,0,0,0,0,1,"-","-","UNINCORPORATED","SACRAMENTO","CA",0,0
"6753549",-121.3844724,38.5957936,2014,"3400","4","4","4","08",0,3,"B",,,,,,900,11,"C","C","A","ARDEN WY","WATT AV",400,"W","N","2015-01-28",9250,"2014-11-20",855,"015577",,"1","9","0","2",,"1","046","-","N",,0,0,,,0,,,,"Y",3,"A","-",22107,,"N","B","H","-","A","D","0","Y","A","01",0,0,3,0,0,0,0,0,0,"-","-","UNINCORPORATED","SACRAMENTO","CA",0,0
"6753545",-121.3086037,38.6652826,2014,"3400","5","5","3","08",0,1,"A",,"Y",,,"Y",1800,11,"H","G","A","DEWEY DR","TEMPLETON DR",10,"N","N","2015-01-28",9250,"2014-11-28",1555,"018461",,"2","9","0","3",,"2","020","-","N",,0,0,,,0,,,,"N",2,"A","-",22107,,"N","A","H","-","A","D","0","Y","L","04",0,1,0,0,0,0,1,0,0,"-","-","UNINCORPORATED","SACRAMENTO","CA",0,0
"6753543",-121.3636448,38.7016815,2014,"3400","4","2","3","03",0,2,"A",,,,,,1500,12,"C","C","A","WALERGA RD","HOLWORTHY WY",96,"S","N","2015-01-28",9250,"2014-12-30",1330,"16495",,"1","9","0","2",,"1","013","-","N",,0,0,,,0,,,,"Y",4,"A","-",22350,,"F","A","H","-","A","D","0","Y","A","01",0,1,1,0,0,0,0,0,0,"-","-","UNINCORPORATED","SACRAMENTO","CA",0,0
"6753542",-121.3281131,38.6352651,2014,"3400","4","4","4","09",0,2,"A",,,,,,2100,12,"D","C","A","FAIR OAKS BL","GIBBONS DR",0,,"Y","2015-01-29",9250,"2014-12-18",1936,"19069",,"2","9","0","2",,"1","053","-","N",,0,0,,,0,,,,"Y",2,"A","-",21801,"A","N","A","H","-","D","D","0","Y","D","22",0,0,2,0,0,0,0,0,0,"-","-","UNINCORPORATED","SACRAMENTO","CA",-121.32814,38.63526
"6753540",-121.4018911,38.7143816,2014,"3400","4","6","4","03",0,1,"A",,,,,,2100,12,"C","C","A","ELVERTA RD","28TH ST",85,"W","N","2015-02-11",9250,"2014-12-13",1815,"17819",,"2","9","0","2",,"1","062","-","N",,0,0,,,0,,,,"N",2,"A","-",22350,,"N","A","H","-","D","D","0","Y","A","01",0,0,1,0,0,0,0,0,0,"-","-","UNINCORPORATED","SACRAMENTO","CA",-121.40203,38.71436
"6753532",-121.3317655,38.6607635,2014,"3400","4","5","2","01",0,3,"B",,,,,"Y",2100,12,"C","C","A","MADISON AV","HACKBERRY LN",85,"E","N","2015-02-11",9250,"2014-12-12",1845,"19133",,"2","9","0","2",,"1","024","-","N",,0,0,,,0,,,,"Y",3,"A","-",23152,"A","N","B","H","-","C","D","0","Y","A","07",1,2,0,0,0,0,0,0,0,"-","-","UNINCORPORATED","SACRAMENTO","CA",0,0
"6753530",-121.3645232,38.661165,2014,"3400","4","2","4","12",0,2,"A",,,,,,900,12,"D","C","A","MADISON AV","HILLSDALE BL",0,,"Y","2015-01-29",9250,"2014-12-23",800,"12931",,"1","9","0","2",,"1","016","-","N",,0,0,,,0,,,,"Y",2,"A","-",21453,"A","N","A","H","-","A","A","0","Y","D","22",0,0,2,0,0,0,0,0,0,"-","-","UNINCORPORATED","SACRAMENTO","CA",0,0
"6753525",-121.3273638,38.6607128,2014,"3400","4","4","3","03",0,1,"B",,,,,,1800,11,"C","C","A","MADISON AV","MANZANITA AV",20,"E","N","2015-01-28",9250,"2014-11-13",1610,"016225",,"2","9","0","2",,"1","024","-","N",,0,0,,,0,,,,"Y",4,"A","-",22350,,"N","B","H","-","A","A","0","Y","D","22",0,1,0,0,0,0,0,0,0,"-","-","UNINCORPORATED","SACRAMENTO","CA",0,0
"6753523",0,0,2014,"3400","1","1","4","04",0,1,"B",,,,,,900,12,"C","C","A","RT 80","RT 51",400,"E","N","2015-01-29",9250,"2014-12-01",805,"12470",,"1","9","0","1",,"2","183","-","N",,0,0,,,0,,,,"Y",3,"A","-",21703,,"N","B","H","-","A","D","0","Y","D","22",0,0,1,0,0,0,0,0,0,"-","-","UNINCORPORATED","SACRAMENTO","CA",0,0
"6753519",-121.3829497,38.6903528,2014,"3400","4","1","4","03",0,2,"A",,,,,,1500,11,"C","C","A","WATT AV","ELKHORN BL",32,"N","N","2015-01-28",9250,"2014-11-17",1235,"016495",,"1","9","0","2",,"1","011","-","N",,0,0,,,0,,,,"Y",2,"A","-",22350,,"N","A","H","-","A","A","0","Y","A","01",0,0,2,0,0,0,0,0,0,"-","-","UNINCORPORATED","SACRAMENTO","CA",0,0
"6753514",-121.3734307,38.5771127,2014,"3400","4","4","4","03",0,1,"C",,,,,,900,11,"C","C","A","FAIR OAKS BL","SAN RAMON WY",200,"W","N","2015-01-29",9250,"2014-11-20",800,"18774",,"1","9","0","2",,"1","048","-","N",,0,0,,,0,,,,"Y",2,"A","-",22350,,"N","B","H","-","A","D","0","Y","D","22",0,0,1,0,0,0,0,0,0,"-","-","UNINCORPORATED","SACRAMENTO","CA",-121.37347,38.57708
"6753503",-121.3460231,38.617345,2014,"3400","4","3","4","09",0,1,"B",,,,,,1200,12,"D","C","A","MARCONI AV","WALNUT AV",0,,"Y","2015-02-17",9250,"2014-12-03",1112,"015342",,"1","9","0","2",,"1","052","C","N",,0,0,,,0,,,,"Y",2,"A","-",21800,"D","N","B","H","-","A","B","0","Y","D","22",0,0,1,0,0,0,0,0,0,"-","-","UNINCORPORATED","SACRAMENTO","CA",0,0
"6753499",-121.2936936,38.6636862,2014,"3400","4","7","3","03",0,3,"-",,,,,,2100,12,"C","C","A","MADISON AV","SAN JUAN AV",400,"W","N","2015-02-11",9250,"2014-12-14",1845,"19266",,"2","9","0","2",,"1","024","-","N",,0,0,,,0,,,,"Y",4,"A","-",22350,,"F","A","H","-","C","D","0","Y","D","22",0,1,2,0,0,0,0,0,0,"-","-","UNINCORPORATED","SACRAMENTO","CA",0,0
"6753492",-121.354583,38.6537451,2014,"3400","4","6","4","09",0,1,"B",,,,,,1200,11,"D","C","A","AUBURN BL","MYRTLE AV",0,,"Y","2015-07-01",9250,"2014-11-22",1155,"017306",,"1","9","0","2",,"1","021","-","N",,0,0,,,0,,,,"Y",3,"A","-",21800,"D","N","B","H","-","A","B","0","Y","A","07",0,0,1,0,0,0,0,0,0,"-","-","UNINCORPORATED","SACRAMENTO","CA",0,0
"6753472",0,0,2014,"3400","4","6","4","11",0,1,"A","Y",,,,,1800,12,"E","B","D","WALERGA RD","ANTELOPE RD",178,"S","N","2015-07-22",9250,"2014-12-13",1720,"017819",,"2","9","0","2",,"1","013","-","N",,0,0,,,0,,,,"N",2,"A","-",21956,,"N","A","H","-","D","D","0","Y","N","60",0,0,1,0,1,0,0,0,0,"-","-","UNINCORPORATED","SACRAMENTO","CA",-121.36373,38.70322
"6753468",-121.3645133,38.7150154,2014,"3400","4","7","3","09",0,1,"A",,,,,,1200,11,"D","C","A","WALERGA RD","ELVERTA RD",610,"N","N","2015-01-28",9250,"2014-11-16",1110,"17818",,"1","9","0","2",,"1","013","-","N",,0,0,,,0,,,,"Y",2,"A","-",21804,"A","N","A","H","-","A","D","0","Y","D","22",0,1,0,0,0,0,0,0,0,"-","-","UNINCORPORATED","SACRAMENTO","CA",0,0
"6753452",-121.3085931,38.664475,2014,"3404","5","5","4","09",0,2,"B",,,,,,1500,11,"D","C","A","DEWEY DR","MARKLEY WY",0,,"Y","2015-01-28",9250,"2014-11-21",1445,"019133",,"2","7","0","3",,"2","020","-","N",,0,0,,,0,,,,"Y",2,"A","-",21801,"A","N","A","H","-","A","D","0","Y","A","01",0,0,2,0,0,0,0,0,0,"-","-","SACRAMENTO","SACRAMENTO","CA",0,0