"CASEID","POINT_X","POINT_Y","YEAR_","LOCATION","CHPTYPE","DAYWEEK","CRASHSEV","VIOLCAT","KILLED","INJURED","WEATHER1","PEDCOL","BICCOL","MCCOL","TRUCKCOL","ETOH","TIMECAT","MONTH_","CRASHTYP","INVOLVE","PED","PRIMARYRD","SECONDRD","DISTANCE","DIRECT","INTERSECT_","PROCDATE","JURIS","DATE_","TIME_","BADGE","JURIDIST","SHIFT","POP","SPECIAL","BEATTYPE","LAPDDIV","BEATCLAS","BEATNUMB","WEATHER2","STATEHW","CALTRANC","CALTRAND","STROUTE","ROUTESUF","POSTPRE","POSTMILE","LOCATYPE","RAMP","SIDEHW","TOWAWAY","PARTIES","PCF","VIOLCODE","VIOL","VIOLSUB","HITRUN","ROADSURF","RDCOND1","RDCOND2","LIGHTING","RIGHTWAY","CHPRDTYP","NOTPRIV","STFAULT","CHPFAULT","SEVINJ","OTHERINJ","COP","PEDKILL","PEDINJ","BICKILL","BICINJ","MCKILL","MCINJURE","RAMP1","RAMP2","CITY","COUNTY","STATE","X_CHP","Y_CHP"
"6679932",0,0,2014,"3400","4","2","4","08",0,2,"A",,,,,,1800,10,"A","C","A","GRANT LINE RD","RAYMER WY",1584,"N","N","2014-12-19",9260,"2014-10-21",1705,"13560",,"2","9","0","2",,"2","102","-","N",,0,0,,,0,,,,"Y",2,"A","-",22107,,"N","A","H","-","A","D","0","Y","A","07",0,0,2,0,0,0,0,0,0,"-","-","UNINCORPORATED","SACRAMENTO","CA",-121,38
"6679928",-121.2468143,38.6786731,2014,"3400","4","2","3","03",0,2,"A",,,,,,1800,10,"C","C","A","GREENBACK LN","KENNETH WY",694,"W","N","2014-12-22",9260,"2014-10-21",1707,"17084",,"2","9","0","2",,"2","302","-","N",,0,0,,,0,,,,"Y",3,"A","-",22350,,"N","A","H","-","A","D","0","Y","A","01",0,1,1,0,0,0,0,0,0,"-","-","UNINCORPORATED","SACRAMENTO","CA",-121.14479,38.40429
"6679924",-121.1612731,38.4932051,2014,"3400","3","6","2","03",0,1,"A",,,,,,2400,10,"E","I","A","DILLARD RD","JACKSON RD",75,"N","N","2016-07-05",9260,"2014-10-18",2245,"18713",,"3","9","0","1",,"2","116","-","Y","SAC",3,16,"-","R",15.999,"I","5","E","Y",1,"A","-",22350,,"N","-","H","-","C","-","0","Y","A","07",1,0,0,0,0,0,0,0,0,"-","-","UNINCORPORATED","SACRAMENTO","CA",-121.09403,38.29366
"6679704",-121.1442725,38.4994587,2014,"3400","4","3","2","08",0,1,"A",,,,,,1200,9,"E","I","A","LATROBE RD","JACKSON RD",1584,"N","N","2015-01-12",9260,"2014-09-10",910,"012900",,"1","9","0","2",,"2","103","-","N",,0,0,,,0,,,,"Y",1,"A","-",22107,,"F","A","H","-","A","D","0","Y","A","07",1,0,0,0,0,0,0,0,0,"-","-","UNINCORPORATED","SACRAMENTO","CA",0,0
"6679513",-121.4772607,38.3785352,2014,"3400","1","1","4","07",0,2,"A",,,,,,900,9,"B","C","A","RT 5","HOOD FRANKLIN RD",700,"N","N","2016-05-04",9252,"2014-09-22",710,"14561",,"1","9","0","1",,"2","106","-","Y","SAC",3,5,"-","-",8.62,"H","-","N","Y",3,"A","-",21658,"A","N","A","H","-","A","D","1","Y","A","01",0,0,2,0,0,0,0,0,0,"-","-","UNINCORPORATED","SACRAMENTO","CA",-121.4781,38.3805
"6679505",-121.4523429,38.4961692,2014,"3400","4","3","3","08",0,1,"A",,,,,,1500,9,"E","I","A","FLORIN RD","EAST PKWY",295,"W","N","2015-12-21",9252,"2014-09-24",1200,"014977",,"1","9","0","2",,"1","072","-","N",,0,0,,,0,,,,"Y",1,"A","-",22107,,"N","A","H","-","A","D","0","Y","A","01",0,1,0,0,0,0,0,0,0,"-","-","UNINCORPORATED","SACRAMENTO","CA",-121.4516,38.4961
"6679497",-121.1153356,38.6476966,2014,"3401","0","6","4","03",0,2,"A",,,,,,300,9,"C","C","A","E BIDWELL ST","IRON POINT RD",200,"S","N","2015-01-09",3401,"2014-09-27",0,"178","4","5","5","0","0",,"0","004","-","N",,0,0,,,0,,,,"N",2,"A","-",22350,,"M","A","H","-","A","D","0","Y","A","01",0,0,2,0,0,0,0,0,0,"-","-","FOLSOM","SACRAMENTO","CA",-121.11546,38.648
"6679489",-121.3347047,38.4061851,2014,"3450","0","4","4","03",0,1,"B",,,,,,1500,9,"C","C","A","BRADSHAW RD","ELK GROVE BL",1056,"S","N","2015-01-09",340,"2014-09-25",1417,"10103","5302","5","5","0","0",,"0","005","-","N",,0,0,,,0,,,,"Y",3,"A","-",22350,,"N","A","H","-","A","D","0","Y","A","01",0,0,1,0,0,0,0,0,0,"-","-","ELK GROVE","SACRAMENTO","CA",0,0
"6679418",-121.3820514,38.4526483,2014,"3400","4","4","4","03",0,2,"A",,,,,,1200,10,"C","C","A","CALVINE RD","SHELDON NORTH DR",1000,"E","N","2014-12-19",9252,"2014-10-09",955,"018073",,"1","9","0","2",,"2","073","-","N",,0,0,,,0,,,,"Y",3,"A","-",22350,,"N","A","H","-","A","D","0","Y","A","01",0,0,2,0,0,0,0,0,0,"-","-","UNINCORPORATED","SACRAMENTO","CA",-121.3814,38.45266
"6679414",-121.4579893,38.4935618,2014,"3400","4","3","4","03",0,1,"A",,,,,,1800,10,"C","C","A","FRANKLIN BL","MEADOWGATE DR",25,"S","N","2014-12-19",9252,"2014-10-08",1645,"018140",,"2","9","0","2",,"1","072","-","N",,0,0,,,0,,,,"Y",3,"A","-",22350,,"N","A","H","-","A","A","0","Y","A","01",0,0,1,0,0,0,0,0,0,"-","-","UNINCORPORATED","SACRAMENTO","CA",-121.45744,38.49336
"6679410",-121.424444,38.4960979,2014,"3400","4","2","4","03",0,1,"B",,,,,,1200,10,"C","C","A","FLORIN RD","CHANDLER DR",109,"W","N","2014-12-19",9252,"2014-10-14",925,"18139",,"1","9","0","2",,"2","073","-","N",,0,0,,,0,,,,"N",2,"A","-",22350,,"N","A","H","-","A","D","0","Y","A","01",0,0,1,0,0,0,0,0,0,"-","-","UNINCORPORATED","SACRAMENTO","CA",-121.4247,38.4963
"6679304",-121.4893931,38.5828651,2014,"3404","0","1","4","-",0,1,"A",,,,,,900,10,"D","C","A","12TH ST","G ST",0,,"Y","2014-12-19",3404,"2014-10-06",806,"4104","3","5","7","0","0",,"0","00A","-","N",,0,0,,,0,,,,"N",2,"A","-",0,,"N","A","H","-","A","A","0","Y","A","01",0,0,1,0,0,0,0,0,0,"-","-","SACRAMENTO","SACRAMENTO","CA",0,0
"6679300",0,0,2014,"3404","0","6","3","03",0,5,"B",,,,,,2100,10,"C","C","A","DEL PASO RD","TOWN CENTER DR",290,"E","N","2014-12-19",3404,"2014-10-25",1908,"8179","SACRA","5","7","0","0",,"0","01A","-","N",,0,0,,,0,,,,"Y",3,"A","-",22350,,"N","B","H","-","C","A","0","Y","A","01",0,1,4,0,0,0,0,0,0,"-","-","SACRAMENTO","SACRAMENTO","CA",0,0
"6679296",-121.4755804,38.6297122,2014,"3404","0","5","4","03",0,1,"A",,,,,,2400,10,"C","C","A","NORTHGATE BL","SAN JUAN AV",39,"N","N","2014-12-19",3404,"2014-10-24",2352,"8105",,"5","7","0","0",,"0",,"-","N",,0,0,,,0,,,,"Y",2,"A","-",22350,,"N","A","H","-","C","A","0","Y","A","01",0,0,1,0,0,0,0,0,0,"-","-","SACRAMENTO","SACRAMENTO","CA",0,0
"6679292",-121.446213,38.612965,2014,"3404","0","6","3","01",0,1,"A",,,,,"Y",2400,10,"D","C","A","DEL PASO BL","BOXWOOD ST",0,,"Y","2014-12-19",3404,"2014-10-18",2150,"8105",,"5","7","0","0",,"0",,"-","N",,0,0,,,0,,,,"Y",2,"A","-",23152,"A","N","A","H","-","C","A","0","Y","A","01",0,1,0,0,0,0,0,0,0,"-","-","SACRAMENTO","SACRAMENTO","CA",0,0
"6679151",-121.3716227,38.413679,2014,"3450","0","4","4","21",0,1,"A",,,,,,1200,10,"C","C","A","ELK GROVE FLORIN RD","2ND AV",16,"N","N","2014-12-22",340,"2014-10-16",915,"10068","5105","5","5","0","0",,"0","005","-","N",,0,0,,,0,,,,,2,"A","-",22106,,"F","A","H","-","A","A","0","Y","A","01",0,0,1,0,0,0,0,0,0,"-","-","ELK GROVE","SACRAMENTO","CA",0,0
"6679147",0,0,2014,"3450","0","2","4","03",0,1,"A",,,,,,900,10,"C","C","A","BRUCEVILLE RD","WHITELOCK PKWY",0,,"Y","2014-12-22",340,"2014-10-14",807,"10573","4302","5","5","0","0",,"0","004","-","N",,0,0,,,0,,,,"N",2,"A","-",22350,,"N","A","H","-","A","A","0","Y","A","01",0,0,1,0,0,0,0,0,0,"-","-","ELK GROVE","SACRAMENTO","CA",0,0
"6679143",-121.3956831,38.4090651,2014,"3450","0","3","4","03",0,1,"A",,,,,,1500,10,"C","C","A","ELK GROVE BL","LAGUNA SPRINGS DR",0,,"Y","2014-12-22",340,"2014-10-15",1457,"10573","4202","5","5","0","0",,"0","004","-","N",,0,0,,,0,,,,"Y",3,"A","-",22350,,"N","A","H","-","A","A","0","Y","A","01",0,0,1,0,0,0,0,0,0,"-","-","ELK GROVE","SACRAMENTO","CA",0,0
"6679139",-121.4070336,38.4091648,2014,"3450","0","2","4","04",0,1,"A",,,,,,1200,10,"C","C","A","ELK GROVE BL","WYMARK DR",573,"E","N","2014-12-22",340,"2014-10-14",1153,"10573","4201","5","5","0","0",,"0","004","G","N",,0,0,,,0,,,,"Y",2,"A","-",21703,,"N","A","H","-","A","D","0","Y","A","01",0,0,1,0,0,0,0,0,0,"-","-","ELK GROVE","SACRAMENTO","CA",0,0
"6679135",-121.4028673,38.4222639,2014,"3450","0","1","4","03",0,1,"A",,,,,,1800,10,"C","C","A","LAGUNA BL","BIG HORN BL",1025,"E","N","2014-12-22",340,"2014-10-13",1548,"10054","2401","5","5","0","0",,"0","002","-","N",,0,0,,,0,,,,"N",2,"A","-",22350,,"N","A","H","-","A","D","0","Y","A","01",0,0,1,0,0,0,0,0,0,"-","-","ELK GROVE","SACRAMENTO","CA",0,0
"6679131",-121.4179331,38.418885,2014,"3450","0","6","3","12",0,4,"A",,,,,,2100,10,"D","C","A","BRUCEVILLE RD","SOARING OAKS DR",0,,"Y","2014-12-22",340,"2014-10-11",1806,"10544","2308","5","5","0","0",,"0","002","-","N",,0,0,,,0,,,,"N",2,"A","-",21453,"A","N","A","H","-","A","A","0","Y","A","01",0,1,3,0,0,0,0,0,0,"-","-","ELK GROVE","SACRAMENTO","CA",0,0
"6679127",-121.3781827,38.4526551,2014,"3450","0","5","4","03",0,1,"A",,,,,,2100,10,"C","C","A","CALVINE RD","VINTAGE PARK DR",3,"E","N","2014-12-22",340,"2014-10-03",1805,"10465","3201","5","5","0","0",,"0","003","-","N",,0,0,,,0,,,,"N",2,"A","-",22350,,"N","A","H","-","A","A","0","Y","A","01",0,0,1,0,0,0,0,0,0,"-","-","ELK GROVE","SACRAMENTO","CA",0,0
"6679094",-121.4664731,38.5224651,2014,"3404","3","5","4","08",0,1,"A",,,"Y",,,2100,10,"F","A","A","RT 99","FRUITRIDGE RD",300,"S","N","2016-06-23",9252,"2014-10-10",2040,"018787",,"2","7","0","1",,"2","192","-","Y","SAC",3,99,"-","-",21.832,"R","2","S","Y",1,"A","-",22107,,"N","A","H","-","A","A","1","Y","C","02",0,0,1,0,0,0,0,0,1,"FR","-","SACRAMENTO","SACRAMENTO","CA",-121.46896,38.52388
"6679012",-121.4463831,38.434175,2014,"3450","0","1","4","01",0,1,"A",,,,,"Y",300,10,"C","C","A","BIG HORN BL","FRANKLIN BL",0,,"Y","2014-12-18",340,"2014-10-20",158,"10047","2101","5","5","0","0",,"0","002","-","N",,0,0,,,0,,,,"Y",2,"A","-",23152,"A","N","A","H","-","C","A","0","Y","A","01",0,0,1,0,0,0,0,0,0,"-","-","ELK GROVE","SACRAMENTO","CA",0,0
"6679008",0,0,2014,"3450","0","1","4","05",0,1,"A",,"Y",,,,900,10,"D","G","A","BIG HORN BL","LOTZ PKWY",0,,"Y","2014-12-18",340,"2014-10-20",803,"10007","4205","5","5","0","0",,"0","004","-","N",,0,0,,,0,,,,"N",2,"A","-",21202,,"N","A","H","-","A","A","0","Y","L","04",0,0,1,0,0,0,1,0,0,"-","-","ELK GROVE","SACRAMENTO","CA",0,0
"6679004",0,0,2014,"3450","0","2","4","17",0,1,"A",,"Y",,,"Y",1200,10,"D","G","A","MARITIME DR","MARINA SHORE LN",40,"W","N","2016-02-18",340,"2014-10-14",1018,"10075","1208","5","5","0","0",,"0","001","-","N",,0,0,,,0,,,,,2,"A","-",21208,"B","N","A","H","-","A","D","0","Y","L","04",0,0,1,0,0,0,1,0,0,"-","-","ELK GROVE","SACRAMENTO","CA",0,0
"6679000",-121.387793,38.423505,2014,"3450","0","1","4","12",0,1,"A",,,,,,1800,10,"D","C","A","BOND RD","ELK CREST DR",0,,"Y","2014-12-18",340,"2014-10-20",1754,"10076","5101","5","5","0","0",,"0","005","-","N",,0,0,,,0,,,,"Y",2,"A","-",21453,"A","N","A","H","-","A","A","0","Y","A","01",0,0,1,0,0,0,0,0,0,"-","-","ELK GROVE","SACRAMENTO","CA",0,0
"6678761",-121.4519696,38.5852717,2014,"3404","3","7","4","03",0,1,"A",,,,,,900,10,"C","C","A","RT 51","ELVAS AV",400,"S","N","2016-06-23",9252,"2014-10-12",630,"018073",,"1","7","0","1",,"2","193","-","Y","SAC",3,51,"-","-",2.35,"H","-","N","N",2,"A","-",22350,,"N","A","H","-","D","D","1","Y","A","01",0,0,1,0,0,0,0,0,0,"-","-","SACRAMENTO","SACRAMENTO","CA",-121.45381,38.58508
"6678757",-121.4737706,38.5453042,2014,"3404","3","6","4","04",0,2,"A",,,,,,1500,10,"C","C","A","RT 99","8TH AV",100,"N","N","2016-07-07",9252,"2014-10-11",1230,"017522",,"1","7","0","1",,"2","192","-","Y","SAC",3,99,"-","-",23.44,"H","-","N","Y",2,"A","-",21703,,"N","A","H","-","A","D","1","Y","D","22",0,0,2,0,0,0,0,0,0,"-","-","SACRAMENTO","SACRAMENTO","CA",0,0
"6678704",-121.2923127,38.2521306,2014,"3402","3","2","2","07",0,1,"A",,,,"Y",,1500,10,"B","C","A","RT 99","C ST",200,"S","N","2016-06-23",9252,"2014-10-14",1350,"014833",,"1","3","0","1",,"2","191","-","Y","SAC",3,99,"-","-",0.67,"H","-","S",,2,"A","-",21658,"A","N","A","H","-","A","D","1","Y","G","25",1,0,0,0,0,0,0,0,0,"-","-","GALT","SACRAMENTO","CA",-121.29318,38.25342
"6678560",0,0,2014,"3401","0","5","3","03",0,1,"A",,,"Y",,,1800,10,"E","I","A","E BIDWELL ST","COLOMA ST",65,"W","N","2014-12-11",3401,"2014-10-17",1507,"222","2","5","5","0","0",,"0","002","-","N",,0,0,,,0,,,,"Y",1,"A","-",22350,,"N","A","H","-","A","D","0","Y","C","02",0,1,0,0,0,0,0,0,1,"-","-","FOLSOM","SACRAMENTO","CA",0,0
"6678556",-121.1487131,38.649021,2014,"3401","0","6","4","03",0,2,"A",,,,,,2100,10,"E","I","A","MCADOO DR","MARSH HAWK DR",27,"S","N","2014-12-11",3401,"2014-10-11",1940,"226","4","5","5","0","0",,"0","004","-","N",,0,0,,,0,,,,"Y",1,"A","-",22350,,"N","A","H","-","C","D","0","Y","A","01",0,0,2,0,0,0,0,0,0,"-","-","FOLSOM","SACRAMENTO","CA",0,0
"6678552",-121.1809431,38.676385,2014,"3401","0","6","4","01",0,1,"A",,,,,"Y",300,10,"E","I","A","LEIDESDORFF ST","FOLSOM BL",0,,"Y","2014-12-11",3401,"2014-10-18",150,"226","2","5","5","0","0",,"0","002","-","N",,0,0,,,0,,,,"Y",1,"A","-",23152,,"N","A","H","-","C","A","0","Y","A","01",0,0,1,0,0,0,0,0,0,"-","-","FOLSOM","SACRAMENTO","CA",-121.18031,38.67517
"6678496",-121.1709331,38.6563751,2014,"3401","0","6","4","08",0,1,"A",,"Y",,,,1200,10,"H","G","A","BLUE RAVINE RD","TURN PIKE DR",0,,"Y","2014-12-11",3401,"2014-10-18",1135,"152","4","5","5","0","0",,"0","004","-","N",,0,0,,,0,,,,"N",2,"A","-",22107,,"N","A","H","-","A","D","0","Y","A","01",0,0,1,0,0,0,1,0,0,"-","-","FOLSOM","SACRAMENTO","CA",0,0
"6678279",-121.4987089,38.5205396,2014,"3404","0","4","1","17",1,0,"A",,"Y",,,,900,9,"H","G","A","FREEPORT BL","35TH AV",28,"N","N","2016-01-13",3404,"2014-09-18",627,"647",,"5","7","0","0",,"0","04B","-","N",,0,0,,,0,,,,"N",2,"A","-",21209,"A","F","A","H","-","B","D","0","Y","A","07",0,0,0,0,0,1,0,0,0,"-","-","SACRAMENTO","SACRAMENTO","CA",0,0
"6677985",-121.435402,38.5094725,2014,"3404","0","1","2","03",0,1,"A","Y",,,,,900,10,"G","B","F","STOCKTON BL","48TH AV",1,"S","N","2014-12-12",3404,"2014-10-20",732,"8204",,"5","7","0","0",,"0",,"-","N",,0,0,,,0,,,,"Y",2,"A","-",22350,,"N","A","H","-","A","D","0","Y","A","01",1,0,0,0,1,0,0,0,0,"-","-","SACRAMENTO","SACRAMENTO","CA",0,0
"6677981",0,0,2014,"3404","0","4","3","03",0,2,"A",,,,,,2400,10,"F","J","A","DUCKHORN DR","COLCHESTAR AV",528,"S","N","2014-12-12",3404,"2014-10-16",2128,"4096","SACRA","5","7","0","0",,"0",,"-","N",,0,0,,,0,,,,"Y",1,"A","-",22350,,"N","A","H","-","C","D","0","Y","A","07",0,1,1,0,0,0,0,0,0,"-","-","SACRAMENTO","SACRAMENTO","CA",0,0
"6677977",-121.4912532,38.4958951,2014,"3404","0","2","2","09",0,1,"A",,,,,,1500,10,"D","C","A","FLORIN RD","21ST ST",0,,"Y","2014-12-12",3404,"2014-10-14",1440,"8186",,"5","7","0","0",,"0",,"-","N",,0,0,,,0,,,,"Y",2,"A","-",21453,"C","F","A","H","-","A","A","0","Y","A","01",1,0,0,0,0,0,0,0,0,"-","-","SACRAMENTO","SACRAMENTO","CA",0,0
"6677973",-121.4747731,38.5679051,2014,"3404","0","1","4","09",0,2,"A",,,,,,1200,10,"D","C","A","P ST","26TH ST",0,,"Y","2014-12-12",3404,"2014-10-13",947,"3644","3","5","7","0","0",,"0","004","-","N",,0,0,,,0,,,,"Y",2,"A","-",21804,"A","N","A","-","-","A","-","0","Y","A","01",0,0,2,0,0,0,0,0,0,"-","-","SACRAMENTO","SACRAMENTO","CA",0,0
"6677950",-121.2213599,38.6335948,2014,"3400","4","5","4","03",0,1,"A",,,,,,1200,10,"C","C","A","HAZEL AV","GOLD COUNTRY BL",200,"S","N","2014-12-12",9260,"2014-10-10",915,"13560",,"1","9","0","2",,"2","103","-","N",,0,0,,,0,,,,"Y",2,"A","-",22350,,"N","A","H","-","A","A","0","Y","A","01",0,0,1,0,0,0,0,0,0,"-","-","UNINCORPORATED","SACRAMENTO","CA",-121,38
"6677946",-121.3680431,38.5566851,2014,"3400","4","1","3","09",0,1,"A",,,,,,1200,10,"A","C","A","FOLSOM BL","LA QUINTA DR",0,,"Y","2014-12-12",9260,"2014-10-13",1135,"16685",,"1","9","0","2",,"2","101","-","N",,0,0,,,0,,,,"Y",2,"A","-",21802,"A","N","A","H","-","A","A","0","Y","A","01",0,1,0,0,0,0,0,0,0,"-","-","UNINCORPORATED","SACRAMENTO","CA",0,0
"6677705",-121.3744391,38.6402577,2014,"3400","5","2","4","09",0,1,"A",,,,,,900,7,"D","C","A","AUBURN BL","PASADENA AV",270,"E","N","2014-10-30",9250,"2014-07-29",852,"012047",,"1","9","0","3",,"2","040","-","N",,0,0,,,0,,,,"N",2,"A","-",21804,"A","N","A","H","-","A","D","0","Y","A","01",0,0,1,0,0,0,0,0,0,"-","-","UNINCORPORATED","SACRAMENTO","CA",0,0
"6677693",-121.3422662,38.6609061,2014,"3400","4","1","2","05",0,1,"A",,"Y",,,,1500,8,"H","G","A","MADISON AV","HEMLOCK ST",275,"W","N","2014-10-31",9250,"2014-08-25",1240,"012470",,"1","9","0","2",,"1","024","-","N",,0,0,,,0,,,,"N",2,"A","-",21650,"1","N","A","H","-","A","D","0","Y","L","04",1,0,0,0,0,0,1,0,0,"-","-","UNINCORPORATED","SACRAMENTO","CA",0,0
"6677689",-121.3421131,38.7036551,2014,"3400","4","3","3","08",0,1,"A",,"Y",,,,1800,8,"F","A","A","ANTELOPE AV","LA TOUR DR",0,,"Y","2014-10-31",9250,"2014-08-13",1645,"015518",,"2","9","0","2",,"1","012","-","N",,0,0,,,0,,,,"N",1,"A","-",22107,,"N","A","H","-","A","D","0","Y","L","04",0,1,0,0,0,0,1,0,0,"-","-","UNINCORPORATED","SACRAMENTO","CA",0,0
"6677685",-121.447797,38.6002351,2014,"3404","3","2","4","03",0,1,"A",,,,,,1500,8,"C","C","A","RT 160","DEAD MANS SLOUGH",400,"S","N","2016-05-06",9250,"2014-08-12",1230,"012047",,"1","7","0","1",,"2","164","-","Y","SAC",3,160,"-","-",46.08,"H","-","S","Y",2,"A","-",22350,,"N","A","H","-","A","D","1","Y","A","01",0,0,1,0,0,0,0,0,0,"-","-","SACRAMENTO","SACRAMENTO","CA",0,0
"6677681",-121.3724831,38.6684435,2014,"3400","5","3","4","03",0,1,"A",,"Y",,,,1200,8,"H","G","A","PALM AV","ROSEVILLE RD",40,"E","N","2014-10-31",9250,"2014-08-13",1105,"015423",,"1","9","0","3",,"2","010","-","N",,0,0,,,0,,,,"N",2,"A","-",22350,,"F","A","H","-","A","D","0","Y","A","01",0,0,1,0,0,0,1,0,0,"-","-","UNINCORPORATED","SACRAMENTO","CA",0,0
"6676445",-121.3717868,38.4543126,2014,"3400","4","1","3","09",0,1,"A","Y",,,,,900,9,"D","B","C","ELK GROVE FLORIN RD","CALVINE RD",600,"N","N","2015-01-14",9252,"2014-09-08",820,"018581",,"1","9","0","2",,"2","073","-","N",,0,0,,,0,,,,"N",2,"A","-",21804,"A","F","A","H","-","A","D","0","Y","-","99",0,1,0,0,1,0,0,0,0,"-","-","UNINCORPORATED","SACRAMENTO","CA",-121.37139,38.4539
"6676191",0,0,2014,"3400","4","2","4","03",0,2,"A",,,,,,1800,9,"C","C","A","FAIR OAKS BL","RIO DEL ORO LN",120,"E","N","2014-11-12",9250,"2014-09-23",1645,"018260",,"2","9","0","2",,"1","053","-","N",,0,0,,,0,,,,"Y",4,"A","-",22350,,"N","A","H","-","A","A","0","Y","A","01",0,0,2,0,0,0,0,0,0,"-","-","UNINCORPORATED","SACRAMENTO","CA",0,0
"6676190",-121.3636427,38.6284458,2014,"3400","5","3","2","08",0,1,"A",,,,,,1800,9,"E","I","A","WHITNEY AV","WELCH CT",17,"W","N","2014-11-12",9250,"2014-09-03",1740,"017796",,"2","9","0","3",,"2","040","-","N",,0,0,,,0,,,,"Y",1,"A","-",22107,,"N","A","H","-","A","D","0","Y","A","01",1,0,0,0,0,0,0,0,0,"-","-","UNINCORPORATED","SACRAMENTO","CA",0,0
"6676189",0,0,2014,"3400","5","3","3","-",0,1,"A",,,,,,1200,9,"E","I","A","DON JULIO BL","POKER LN",350,"N","N","2014-11-12",9250,"2014-09-10",1130,"014845",,"1","9","0","3",,"2","010","-","N",,0,0,,,0,,,,"Y",1,"A","-",0,,"N","A","H","-","A","D","0","Y","A","07",0,1,0,0,0,0,0,0,0,"-","-","UNINCORPORATED","SACRAMENTO","CA",0,0
"6676188",-121.379913,38.5957451,2014,"3400","5","2","3","05",0,1,"A",,"Y",,,,900,9,"H","G","A","ARDEN WY","EL NIDO WY",0,,"Y","2014-11-12",9250,"2014-09-16",720,"014845",,"1","9","0","3",,"2","040","-","N",,0,0,,,0,,,,"N",2,"A","-",21650,"1","N","A","H","-","A","A","0","Y","L","04",0,1,0,0,0,0,1,0,0,"-","-","UNINCORPORATED","SACRAMENTO","CA",0,0
"6676187",-121.4098384,38.5888451,2014,"3400","5","2","4","09",0,2,"A",,,,,,900,9,"D","C","A","HURLEY WY","BELL AV",250,"E","N","2014-11-12",9250,"2014-09-16",709,"015518",,"1","9","0","3",,"2","040","-","N",,0,0,,,0,,,,"Y",2,"A","-",21801,"A","N","A","H","-","A","D","0","Y","A","01",0,0,2,0,0,0,0,0,0,"-","-","UNINCORPORATED","SACRAMENTO","CA",0,0
"6676186",-121.4154541,38.5787016,2014,"3400","4","4","4","05",0,1,"A",,"Y",,,,1500,9,"H","G","A","HOWE AV","SIERRA BL",250,"N","N","2014-11-12",9250,"2014-09-18",1445,"16434",,"2","9","0","2",,"1","041","-","N",,0,0,,,0,,,,"N",2,"A","-",21650,"1","N","A","H","-","A","D","0","Y","L","04",0,0,1,0,0,0,1,0,0,"-","-","UNINCORPORATED","SACRAMENTO","CA",0,0
"6676185",0,0,2014,"3400","4","3","3","10",0,1,"A","Y",,,,,900,9,"G","B","B","WALERGA RD","ANTELOPE RD",18,"S","N","2014-11-12",9250,"2014-09-17",750,"012931",,"1","9","0","2",,"1","013","-","N",,0,0,,,0,,,,"N",2,"A","-",21950,"A","N","A","H","-","A","A","0","Y","A","01",0,1,0,0,1,0,0,0,0,"-","-","UNINCORPORATED","SACRAMENTO","CA",0,0
"6676184",-121.364503,38.610245,2014,"3400","4","6","4","12",0,1,"A",,,,,,1200,9,"D","C","A","EASTERN AV","EL CAMINO AV",0,,"Y","2014-11-12",9250,"2014-09-20",955,"17849",,"1","9","0","2",,"1","051","-","N",,0,0,,,0,,,,"Y",2,"A","-",21453,"A","N","A","H","-","A","A","0","Y","A","01",0,0,1,0,0,0,0,0,0,"-","-","UNINCORPORATED","SACRAMENTO","CA",-121.36505,38.60923
"6676183",-121.363713,38.6945651,2014,"3400","4","5","4","12",0,2,"B",,,,,,2400,9,"D","C","A","ELKHORN BL","WALERGA RD",0,,"Y","2014-11-12",9250,"2014-09-19",2140,"018115",,"2","9","0","2",,"1","014","-","N",,0,0,,,0,,,,"Y",3,"A","-",21457,"A","N","A","H","-","C","A","0","Y","A","01",0,0,2,0,0,0,0,0,0,"-","-","UNINCORPORATED","SACRAMENTO","CA",0,0
"6676182",-121.3284577,38.6233266,2014,"3400","4","5","2","08",0,1,"A",,"Y",,,,1800,9,"F","A","A","FAIR OAKS BL","STANLEY AV",332,"N","N","2014-11-12",9250,"2014-09-19",1603,"017482",,"2","9","0","2",,"1","053","-","N",,0,0,,,0,,,,"N",1,"A","-",22107,,"N","A","H","-","A","D","0","Y","L","04",1,0,0,0,0,0,1,0,0,"-","-","UNINCORPORATED","SACRAMENTO","CA",0,0
"6676181",0,0,2014,"3400","4","6","4","03",0,1,"A",,,,,,2100,9,"C","C","A","ANTELOPE RD","WATT AV",20,"E","N","2014-11-12",9250,"2014-09-27",1835,"019099",,"2","9","0","2",,"1","014","-","N",,0,0,,,0,,,,"Y",2,"A","-",22350,,"F","A","H","-","A","A","0","Y","A","01",0,0,1,0,0,0,0,0,0,"-","-","UNINCORPORATED","SACRAMENTO","CA",-121.38258,38.70417
"6676180",-121.3738182,38.6612751,2014,"3400","4","5","4","21",0,1,"A",,,,,,2400,9,"C","C","A","MADISON AV","JACKSON RD",30,"W","N","2014-11-12",9250,"2014-09-26",2135,"018863",,"2","9","0","2",,"1","016","-","N",,0,0,,,0,,,,"N",2,"A","-",22106,,"N","B","H","-","C","A","0","Y","A","07",0,0,1,0,0,0,0,0,0,"-","-","UNINCORPORATED","SACRAMENTO","CA",0,0