"CASEID","POINT_X","POINT_Y","YEAR_","LOCATION","CHPTYPE","DAYWEEK","CRASHSEV","VIOLCAT","KILLED","INJURED","WEATHER1","PEDCOL","BICCOL","MCCOL","TRUCKCOL","ETOH","TIMECAT","MONTH_","CRASHTYP","INVOLVE","PED","PRIMARYRD","SECONDRD","DISTANCE","DIRECT","INTERSECT_","PROCDATE","JURIS","DATE_","TIME_","BADGE","JURIDIST","SHIFT","POP","SPECIAL","BEATTYPE","LAPDDIV","BEATCLAS","BEATNUMB","WEATHER2","STATEHW","CALTRANC","CALTRAND","STROUTE","ROUTESUF","POSTPRE","POSTMILE","LOCATYPE","RAMP","SIDEHW","TOWAWAY","PARTIES","PCF","VIOLCODE","VIOL","VIOLSUB","HITRUN","ROADSURF","RDCOND1","RDCOND2","LIGHTING","RIGHTWAY","CHPRDTYP","NOTPRIV","STFAULT","CHPFAULT","SEVINJ","OTHERINJ","COP","PEDKILL","PEDINJ","BICKILL","BICINJ","MCKILL","MCINJURE","RAMP1","RAMP2","CITY","COUNTY","STATE","X_CHP","Y_CHP"
"6636998",-121.3542019,38.6662824,2014,"3400","1","5","4","07",0,1,"A",,,,,,1800,8,"C","C","A","RT 80","MADISON AV",2000,"E","N","2016-04-25",9250,"2014-08-22",1646,"015369",,"2","9","0","1",,"2","184","-","Y","SAC",3,80,"-","-",12.86,"H","-","E","N",3,"A","-",21658,"A","N","A","H","-","A","D","1","Y","A","01",0,0,1,0,0,0,0,0,0,"-","-","UNINCORPORATED","SACRAMENTO","CA",0,0
"6636991",-121.4285768,38.6093912,2014,"3404","3","4","3","03",0,5,"A",,,,,,2100,8,"C","C","A","RT 51","EL CAMINO AV",500,"S","N","2016-05-04",9250,"2014-08-21",2018,"014142",,"2","7","0","1",,"2","151","-","Y","SAC",3,51,"-","-",4.57,"H","-","N","Y",3,"A","-",22350,,"N","A","H","-","C","D","1","Y","A","01",0,4,1,0,0,0,0,0,0,"-","-","SACRAMENTO","SACRAMENTO","CA",0,0
"6636987",-121.435372,38.6025323,2014,"3400","3","7","4","08",0,1,"A",,,,,,300,8,"E","I","A","RT 51","ARDEN WAY",528,"S","N","2016-05-04",9250,"2014-08-24",47,"017999",,"3","9","0","1",,"2","151","-","Y","SAC",3,51,"-","-",3.96,"H","-","N","Y",1,"A","-",22107,,"N","A","H","-","C","D","1","Y","A","01",0,0,1,0,0,0,0,0,0,"-","-","UNINCORPORATED","SACRAMENTO","CA",0,0
"6636983",0,0,2014,"3496","1","7","3","01",0,1,"A",,,,,"Y",600,8,"E","I","A","RT 80","ANTELOPE RD",900,"E","N","2016-04-26",9250,"2014-08-17",325,"018115",,"3","5","0","1",,"2","184","-","Y","SAC",3,80,"-","-",80.168,"H","-","E","Y",1,"A","-",23152,"A","N","A","A","-","C","D","0","Y","A","01",0,1,0,0,0,0,0,0,0,"-","-","CITRUS HEIGHTS","SACRAMENTO","CA",0,0
"6636867",-121.4488591,38.6075121,2014,"3404","0","1","3","03",0,1,"A","Y",,,,,900,9,"G","B","E","CALVADOS AV","BEAUMONT ST",96,"W","N","2014-10-31",3404,"2014-09-22",718,"0507","2C","5","7","0","0",,"0",,"-","N",,0,0,,,0,,,,"N",2,"A","-",22350,,"N","A","H","-","A","D","0","Y","A","07",0,1,0,0,1,0,0,0,0,"-","-","SACRAMENTO","SACRAMENTO","CA",0,0
"6636863",-121.4448531,38.529845,2014,"3404","0","6","4","-",0,1,"A",,,,,,2400,9,"D","D","A","STOCKTON BL","LAWRENCE DR",0,,"Y","2014-10-31",3404,"2014-09-20",2244,"8195",,"5","7","0","0",,"0","06B","-","N",,0,0,,,0,,,,"N",2,"A","-",0,,"N","A","H","-","C","A","0","Y","A","07",0,0,1,0,0,0,0,0,0,"-","-","SACRAMENTO","SACRAMENTO","CA",0,0
"6636859",-121.5383031,38.6121651,2014,"3404","0","1","3","12",0,1,"A",,"Y",,,,1200,9,"D","G","A","EL CAMINO AV","RT 80",0,,"Y","2016-05-03",3404,"2014-09-22",1128,"0818","2","5","7","0","0",,"0","00C","-","Y","SAC",3,80,"-","M",1.162,"R","4","E","N",2,"A","-",21453,"A","N","A","H","-","A","A","0","Y","L","04",0,1,0,0,0,0,1,0,0,"-","-","SACRAMENTO","SACRAMENTO","CA",0,0
"6635946",-121.5408722,38.5072735,2014,"3404","0","3","3","05",0,1,"A",,"Y",,,,900,9,"D","G","A","FLORIN RD","WINDWARD WY",4,"N","N","2014-10-17",3404,"2014-09-24",818,"321/831",,"5","7","0","0",,"0","04C","-","N",,0,0,,,0,,,,"N",2,"A","-",21650,"1","N","A","H","-","A","A","0","Y","L","04",0,1,0,0,0,0,1,0,0,"-","-","SACRAMENTO","SACRAMENTO","CA",0,0
"6635945",-121.5012825,38.512857,2014,"3404","0","3","2","03",0,1,"A",,,,,,1800,9,"-","C","A","FREEPORT BL","BLAIR AV",100,"S","N","2014-10-09",3404,"2014-09-24",1716,"8204","4","5","7","0","0",,"0","00B","-","N",,0,0,,,0,,,,"Y",2,"A","-",22350,,"N","A","H","-","A","D","0","Y","A","07",1,0,0,0,0,0,0,0,0,"-","-","SACRAMENTO","SACRAMENTO","CA",0,0
"6635944",-121.4184342,38.4690858,2014,"3404","0","1","3","11",0,1,"A",,"Y",,,,1800,9,"H","G","A","WYNDHAM DR","BRUCEVILLE RD",15,"W","N","2014-10-09",3404,"2014-09-22",1609,"4124","5","5","7","0","0",,"0","0SC","-","N",,0,0,,,0,,,,"N",2,"A","-",21950,"B","N","A","H","-","A","A","0","Y","L","04",0,1,0,0,0,0,1,0,0,"-","-","SACRAMENTO","SACRAMENTO","CA",0,0
"6635943",-121.4328731,38.525025,2014,"3404","0","7","4","03",0,1,"A",,,,,,1500,9,"C","C","A","FRUITRIDGE RD","62ND ST",0,,"Y","2014-10-16",3404,"2014-09-14",1430,"321","6C","5","7","0","0",,"0","06C","-","N",,0,0,,,0,,,,"Y",3,"A","-",22350,,"N","A","H","-","A","A","0","Y","A","01",0,0,1,0,0,0,0,0,0,"-","-","SACRAMENTO","SACRAMENTO","CA",0,0
"6635927",-121.4602666,38.511249,2014,"3400","3","2","4","03",0,1,"A",,,,,,900,9,"C","C","A","RT 99","47TH AV",400,"N","N","2016-05-04",9252,"2014-09-09",800,"018155",,"1","9","0","1",,"2","192","-","Y","SAC",3,99,"-","-",20.94,"H","-","N","Y",3,"A","-",22350,,"N","A","H","-","A","D","1","Y","A","01",0,0,1,0,0,0,0,0,0,"-","-","UNINCORPORATED","SACRAMENTO","CA",-121.46451,38.52211
"6635926",-121.4826376,38.5606821,2014,"3404","2","4","4","03",0,1,"A",,,,,,1200,9,"C","C","A","RT 50","26TH ST",200,"W","N","2016-05-06",9252,"2014-09-04",920,"013823",,"1","7","0","1",,"2","150","-","Y","SAC",3,50,"-","L",2.01,"H","-","E","Y",3,"A","-",22350,,"N","A","H","-","A","D","1","Y","A","07",0,0,1,0,0,0,0,0,0,"-","-","SACRAMENTO","SACRAMENTO","CA",-121.54347,38.49347
"6635925",-121.3614431,38.3759951,2014,"3404","3","1","3","08",0,1,"A",,,,,,1200,9,"E","J","A","RT 99","GRANT LINE RD",70,"N","N","2016-05-04",9252,"2014-09-08",920,"018155",,"1","7","0","1",,"2","190","-","Y","SAC",3,99,"-","-",10.08,"H","-","N","Y",1,"A","-",22107,,"N","A","H","-","A","D","1","Y","A","01",0,1,0,0,0,0,0,0,0,"-","-","SACRAMENTO","SACRAMENTO","CA",-121.36282,38.37813
"6635924",-121.5184113,38.5290523,2014,"3404","1","5","4","08",0,1,"A",,,,,,600,9,"F","I","A","RT 5","CASILADA WY",30,"N","N","2016-05-03",9252,"2014-09-05",545,"014453",,"3","7","0","1",,"2","107","-","Y","SAC",3,5,"-","-",19.59,"H","-","N","Y",1,"A","-",22107,,"N","A","H","-","B","D","1","Y","A","01",0,0,1,0,0,0,0,0,0,"-","-","SACRAMENTO","SACRAMENTO","CA",-121.51886,38.52892
"6635923",-121.3939304,38.420644,2014,"3400","3","5","4","08",0,1,"A",,,,,,1200,9,"C","C","A","RT 99","LAGUNA BL",1056,"S","N","2016-05-04",9252,"2014-09-12",905,"018119",,"1","9","0","1",,"2","191","-","Y","SAC",3,99,"-","-",13.64,"H","-","N","Y",2,"A","-",22107,,"N","A","H","-","A","D","1","Y","A","07",0,0,1,0,0,0,0,0,0,"-","-","UNINCORPORATED","SACRAMENTO","CA",-121.39268,38.41883
"6635922",-121.4389555,38.4896097,2014,"3400","3","4","4","03",0,1,"A",,,,,,900,9,"C","C","A","RT 99","FLORIN RD",2640,"S","N","2016-05-04",9252,"2014-09-11",850,"017939",,"1","9","0","1",,"2","192","-","Y","SAC",3,99,"-","-",19.11,"H","-","N","Y",2,"A","-",22350,,"N","A","H","-","A","D","1","Y","-",,0,0,1,0,0,0,0,0,0,"-","-","UNINCORPORATED","SACRAMENTO","CA",-121.44071,38.4914
"6635885",0,0,2014,"3401","0","2","4","09",0,1,"A",,,,,,900,9,"D","C","A","GOLF LINKS DR","SILBERHORN DR",0,,"Y","2014-10-07",3401,"2014-09-16",838,"206","CA034","5","5","0","0",,"0","003","-","N",,0,0,,,0,,,,"Y",2,"A","-",21802,"A","N","A","H","-","A","-","0","Y","A","07",0,0,1,0,0,0,0,0,0,"-","-","FOLSOM","SACRAMENTO","CA",0,0
"6635884",-121.1630831,38.649555,2014,"3401","0","7","4","09",0,2,"A",,,,,,2400,9,"D","C","A","PRAIRIE CITY RD","IRON POINT RD",0,,"Y","2014-10-08",3401,"2014-09-21",2117,"200","CA034","5","5","0","0",,"0","004","-","N",,0,0,,,0,,,,"Y",2,"A","-",21453,"C","N","A","H","-","C","A","0","Y","A","01",0,0,2,0,0,0,0,0,0,"-","-","FOLSOM","SACRAMENTO","CA",0,0
"6635883",-121.1556658,38.6496841,2014,"3401","0","4","3","18",0,1,"A",,"Y",,,,900,9,"H","G","A","GROVER RD","IRON POINT RD",40,"N","N","2014-10-07",3401,"2014-09-11",750,"180","4","5","5","0","0",,"0","004","-","N",,0,0,,,0,,,,"N",3,"C","-",0,,"N","A","H","-","A","A","0","Y","-","-",0,1,0,0,0,0,1,0,0,"-","-","FOLSOM","SACRAMENTO","CA",0,0
"6635882",-121.1073631,38.6437352,2014,"3401","0","6","2","01",0,5,"A",,,,,"Y",2100,9,"E","I","A","E BIDWELL ST","RT 50",0,,"Y","2016-05-06",3401,"2014-09-20",1843,"224","4","5","5","0","0",,"0","004","-","Y","SAC",3,50,"-","-",21.723,"R","4","W","N",1,"A","-",23152,"A","N","A","H","-","A","A","0","Y","A","01",2,3,0,0,0,0,0,0,0,"-","-","FOLSOM","SACRAMENTO","CA",0,0
"6635881",-121.1213031,38.6428352,2014,"3401","0","7","4","08",0,1,"B",,,,,,1500,9,"E","I","A","SCOTT RD","RT 50",878,"S","N","2016-05-07",3401,"2014-09-21",1400,"222","5","5","5","0","0",,"0","005","-","Y","SAC",3,50,"-","-",21.21,"R","4","E","Y",1,"A","-",22107,,"N","A","H","-","A","D","0","Y","A","01",0,0,1,0,0,0,0,0,0,"-","EF","FOLSOM","SACRAMENTO","CA",0,0
"6635820",0,0,2014,"3401","0","7","3","01",0,2,"A",,,,,,2400,9,"E","I","A","FOLSOM-AUBURN RD","INWOOD RD",970,"S","N","2014-10-03",3401,"2014-09-21",2158,"200","2401","5","5","0","0",,"0","001","-","N",,0,0,,,0,,,,"Y",1,"A","-",23152,"E","N","A","H","-","D","D","0","Y","D","22",0,2,0,0,0,0,0,0,0,"-","-","FOLSOM","SACRAMENTO","CA",0,0
"6635763",-121.495195,38.564037,2014,"3404","2","4","4","03",0,1,"A",,,,,,2100,9,"C","C","A","RT 50","15TH ST",500,"E","N","2016-05-06",9252,"2014-09-11",1818,"15534",,"2","7","0","1",,"2","150","-","Y","SAC",3,50,"-","L",1.27,"H","-","E","N",2,"A","-",22350,,"N","A","H","-","A","D","1","Y","D","22",0,0,1,0,0,0,0,0,0,"-","-","SACRAMENTO","SACRAMENTO","CA",-121.49646,38.56435
"6635761",-121.4736931,38.5389763,2014,"3404","3","5","4","07",0,1,"A",,,,"Y",,1800,9,"B","C","A","RT 99","12TH AV",500,"S","N","2016-05-04",9252,"2014-09-12",1745,"17142",,"2","7","0","1",,"2","192","-","Y","SAC",3,99,"-","-",23.04,"H","-","N","Y",3,"A","-",21658,"A","N","A","H","-","A","D","1","Y","F","25",0,0,1,0,0,0,0,0,0,"-","-","SACRAMENTO","SACRAMENTO","CA",-121.47354,38.54032
"6635759",-121.4739301,38.5401061,2014,"3404","3","4","4","-",0,1,"A",,,,,,1800,9,"C","C","A","RT 99","12TH AV",200,"S","N","2016-05-04",9252,"2014-09-04",1525,"14699",,"2","7","0","1",,"2","192","-","Y","SAC",3,99,"-","-",23.07,"H","-","S","Y",6,"A","-",0,,"N","A","H","-","A","D","1","Y","D","22",0,0,1,0,0,0,0,0,0,"-","-","SACRAMENTO","SACRAMENTO","CA",-121.4739,38.5494
"6635758",-121.4867951,38.4244717,2014,"3404","1","3","4","03",0,1,"A",,,,,,900,9,"C","C","A","RT 5","LAGUNA BL",528,"S","N","2016-05-03",9252,"2014-09-10",730,"14288",,"1","7","0","1",,"2","106","-","Y","SAC",3,5,"-","-",11.94,"H","-","N","Y",3,"A","-",22350,,"N","A","H","-","A","D","1","Y","D","22",0,0,1,0,0,0,0,0,0,"-","-","SACRAMENTO","SACRAMENTO","CA",-121.48689,38.42463
"6635747",-121.3165731,38.6780751,2014,"3496","0","1","4","03",0,1,"A",,,,"Y",,900,9,"C","C","A","GREENBACK LN","BREMEN DR",0,,"Y","2014-10-24",3496,"2014-09-08",700,"348","3496","5","5","0","0",,"0","003","-","N",,0,0,,,0,,,,"N",3,"A","-",22350,,"M","A","H","-","A","A","0","Y","A","01",0,0,1,0,0,0,0,0,0,"-","-","CITRUS HEIGHTS","SACRAMENTO","CA",0,0
"6635746",-121.4118231,38.525055,2014,"3404","0","1","4","09",0,1,"A",,,,,,1500,9,"D","C","A","FRUITRIDGE RD","79TH ST",0,,"Y","2015-05-26",3404,"2014-09-15",1339,"321","6C","5","7","0","0",,"0","06C","-","N",,0,0,,,0,,,,"Y",2,"A","-",21804,"A","N","A","H","-","A","A","0","Y","A","01",0,0,1,0,0,0,0,0,0,"-","-","SACRAMENTO","SACRAMENTO","CA",0,0
"6634160",-121.3719431,38.465385,2014,"3400","5","2","4","12",0,2,"A",,,,,,2400,9,"D","C","A","ELK GROVE FLORIN RD","VINTAGE PARK DR",0,,"Y","2014-11-03",9252,"2014-09-09",2235,"018167",,"3","9","0","3",,"2","074","-","N",,0,0,,,0,,,,"Y",2,"A","-",21453,"A","N","A","H","-","D","A","0","Y","A","01",0,0,2,0,0,0,0,0,0,"-","-","UNINCORPORATED","SACRAMENTO","CA",-121.37194,38.4654
"6634156",-121.4155649,38.468624,2014,"3400","4","7","3","01",0,1,"A",,,,,"Y",300,9,"E","I","A","E STOCKTON BL","RANGEVIEW RD",560,"N","N","2014-11-03",9252,"2014-09-14",50,"018423",,"3","9","0","2",,"2","073","-","N",,0,0,,,0,,,,"Y",1,"A","-",23152,"A","N","A","H","-","C","D","0","Y","A","01",0,1,0,0,0,0,0,0,0,"-","-","UNINCORPORATED","SACRAMENTO","CA",-121.41545,38.46867
"6634152",-121.3012815,38.299825,2014,"3400","5","5","2","01",0,2,"A",,,,,"Y",2100,9,"F","A","A","MCKENZIE RD","MINGO RD",1056,"S","N","2014-11-03",9252,"2014-09-19",1820,"018425",,"2","9","0","3",,"2","080","-","N",,0,0,,,0,,,,"Y",1,"A","-",23152,"A","N","A","H","-","A","D","0","Y","A","07",1,1,0,0,0,0,0,0,0,"-","-","UNINCORPORATED","SACRAMENTO","CA",-121.26063,38.38001
"6634148",0,0,2014,"3400","4","4","4","03",0,1,"A",,,,,,1800,9,"C","C","A","AUBERRY DR","SPENGLER DR",10,"W","N","2014-11-03",9252,"2014-09-11",1550,"018140",,"2","9","0","2",,"2","073","-","N",,0,0,,,0,,,,"Y",2,"A","-",22350,,"N","A","H","-","A","A","0","Y","A","01",0,0,1,0,0,0,0,0,0,"-","-","UNINCORPORATED","SACRAMENTO","CA",-121.39923,38.45634
"6634140",-121.4513131,38.4961951,2014,"3400","4","6","3","12",0,4,"A",,,,,"Y",600,9,"D","C","A","FLORIN RD","EAST PKWY",0,,"Y","2014-11-03",9252,"2014-09-06",415,"018937",,"3","9","0","2",,"1","072","-","N",,0,0,,,0,,,,"Y",3,"A","-",21453,"A","N","A","H","-","C","A","0","Y","A","01",0,2,2,0,0,0,0,0,0,"-","-","UNINCORPORATED","SACRAMENTO","CA",-121.45124,38.49595
"6634136",-121.4896549,38.4379672,2014,"3450","1","6","4","03",0,2,"A",,,,,,300,9,"C","C","A","RT 5","LAGUNA BL",3696,"N","N","2016-05-03",9252,"2014-09-13",40,"013762",,"3","5","0","1",,"2","106","-","Y","SAC",3,5,"-","-",12.74,"H","-","N","Y",2,"A","-",22350,,"N","A","D","-","D","A","1","Y","A","01",0,0,2,0,0,0,0,0,0,"-","-","ELK GROVE","SACRAMENTO","CA",-121.2922,38.2616
"6634132",-121.4882437,38.5621572,2014,"3404","2","5","4","08",0,1,"A",,,,,,300,9,"E","I","A","RT 50","16TH ST",528,"E","N","2016-05-06",9252,"2014-09-12",205,"018730",,"3","7","0","1",,"2","150","-","Y","SAC",3,50,"-","L",1.56,"H","-","E","Y",1,"A","-",22107,,"N","A","H","-","C","D","1","Y","A","01",0,0,1,0,0,0,0,0,0,"-","-","SACRAMENTO","SACRAMENTO","CA",-121.48973,38.56254
"6634128",-121.4882437,38.5621572,2014,"3404","2","6","4","03",0,1,"A",,,,,,300,9,"C","C","A","RT 50","16TH ST",528,"E","N","2016-05-06",9252,"2014-09-13",206,"017971",,"3","7","0","1",,"2","150","-","Y","SAC",3,50,"-","L",1.56,"H","-","E","Y",2,"A","-",22350,,"N","A","H","-","C","D","1","Y","A","01",0,0,1,0,0,0,0,0,0,"-","-","SACRAMENTO","SACRAMENTO","CA",-121.49209,38.56331
"6634124",-121.4740228,38.5461367,2014,"3404","3","6","3","03",0,1,"A",,,,,,2100,9,"C","C","A","RT 99","5TH AV",435,"S","N","2016-05-06",9252,"2014-09-13",1815,"18658",,"2","7","0","1",,"2","192","-","Y","SAC",3,99,"-","-",23.61,"H","-","S","Y",2,"A","-",22350,,"N","A","H","-","A","D","1","Y","A","01",0,1,0,0,0,0,0,0,0,"-","-","SACRAMENTO","SACRAMENTO","CA",-121.47418,38.54795
"6634091",-121.4087531,38.4690163,2014,"3400","4","1","4","08",0,1,"A",,,,,,2100,9,"E","I","A","POWER INN RD","LENHART RD",15,"N","N","2014-11-03",9252,"2014-09-08",2025,"018167",,"2","9","0","2",,"2","073","-","N",,0,0,,,0,,,,"N",1,"A","-",22107,,"N","A","H","-","D","D","0","Y","A","01",0,0,1,0,0,0,0,0,0,"-","-","UNINCORPORATED","SACRAMENTO","CA",-121.40873,38.46895
"6634083",-121.3811083,38.4816488,2014,"3400","4","2","4","08",0,1,"A",,,,,,1200,9,"E","I","A","GERBER RD","SKY BROOK LN",800,"E","N","2014-11-03",9252,"2014-09-09",910,"018696",,"1","9","0","2",,"2","073","-","N",,0,0,,,0,,,,"Y",1,"A","-",22107,,"N","A","H","-","A","D","0","Y","A","01",0,0,1,0,0,0,0,0,0,"-","-","UNINCORPORATED","SACRAMENTO","CA",-121.3809,38.4816
"6633994",-121.5014831,38.565265,2014,"3404","0","4","3","12",0,1,"C",,,,,,1200,9,"D","C","A","X ST","9TH ST",0,,"Y","2014-10-13",3404,"2014-09-25",957,"0729","4","5","7","0","0",,"0","00A","-","N",,0,0,,,0,,,,"Y",2,"A","-",21453,"A","N","B","H","-","A","A","0","Y","D","22",0,1,0,0,0,0,0,0,0,"-","-","SACRAMENTO","SACRAMENTO","CA",0,0
"6633953",-121.421883,38.480716,2014,"3404","4","1","4","09",0,1,"B",,,,,,1800,9,"D","C","A","STOCKTON BL","MASSIE CT",700,"N","N","2014-10-06",9252,"2014-09-08",1541,"18648",,"2","7","0","2",,"2","073","-","N",,0,0,,,0,,,,"N",2,"A","-",21804,"A","N","A","H","-","A","D","0","Y","A","01",0,0,1,0,0,0,0,0,0,"-","-","SACRAMENTO","SACRAMENTO","CA",-121.42035,38.47681
"6633730",-121.5417131,38.277025,2014,"3400","5","5","4","12",0,4,"A",,,,,,1500,9,"D","C","A","RIVER RD","VORDEN RD",0,,"Y","2014-10-23",9252,"2014-09-12",1410,"018140",,"2","9","0","3",,"2","090","-","N",,0,0,,,0,,,,"Y",2,"A","-",22450,"A","N","A","H","-","A","A","0","Y","D","22",0,0,4,0,0,0,0,0,0,"-","-","UNINCORPORATED","SACRAMENTO","CA",-121.54165,38.27704
"6633726",-121.3558991,38.4816896,2014,"3400","5","3","3","01",0,1,"A",,,,,"Y",2100,8,"C","C","A","GERBER RD","PASSALIS LN",1584,"E","N","2014-10-08",9252,"2014-08-13",1800,"17134",,"2","9","0","3",,"2","070","-","N",,0,0,,,0,,,,"Y",2,"A","-",23152,"A","N","A","H","-","A","D","0","Y","A","01",0,1,0,0,0,0,0,0,0,"-","-","UNINCORPORATED","SACRAMENTO","CA",-121.36114,38.48175
"6633714",-121.4087536,38.4815678,2014,"3400","4","6","4","03",0,2,"A",,,,,,1800,9,"C","C","A","POWER INN RD","GERBER RD",50,"S","N","2014-10-10",9252,"2014-09-13",1635,"018787",,"2","9","0","2",,"2","073","-","N",,0,0,,,0,,,,"N",3,"A","-",22350,,"N","A","H","-","A","D","0","Y","A","08",0,0,2,0,0,0,0,0,0,"-","-","UNINCORPORATED","SACRAMENTO","CA",-121.3822,38.29282
"6633113",-121.477063,38.579635,2014,"3404","0","2","3","12",0,1,"A",,"Y",,,,1200,9,"D","G","A","21ST ST","G ST",0,,"Y","2014-09-29",3404,"2014-09-16",1112,"0756","CENTR","5","7","0","0",,"0","03B","-","N",,0,0,,,0,,,,"N",2,"A","-",21453,"A","N","A","H","-","A","A","0","Y","L","04",0,1,0,0,0,0,1,0,0,"-","-","SACRAMENTO","SACRAMENTO","CA",0,0
"6633109",-121.4632484,38.5250015,2014,"3404","0","4","4","03",0,1,"A",,,,,,1500,9,"C","C","A","FRUITRIDGE RD","MARTIN LUTHER KING JR BL",399,"E","N","2014-09-29",3404,"2014-09-18",1403,"524","SAC","5","7","0","0",,"0","064","-","N",,0,0,,,0,,,,"N",3,"A","-",22350,,"N","A","H","-","A","A","0","Y","A","01",0,0,1,0,0,0,0,0,0,"-","-","SACRAMENTO","SACRAMENTO","CA",0,0
"6633105",-121.425553,38.474195,2014,"3404","0","2","4","12",0,1,"A",,,,,,1500,9,"D","C","A","MACK RD","ALTA VALLEY DR",0,,"Y","2014-09-29",3404,"2014-09-16",1246,"0379",,"5","7","0","0",,"0","05C","-","N",,0,0,,,0,,,,"Y",3,"A","-",21453,"A","N","A","H","-","A","A","0","Y","A","01",0,0,1,0,0,0,0,0,0,"-","-","SACRAMENTO","SACRAMENTO","CA",0,0
"6633101",0,0,2014,"3404","0","4","4","-",0,1,"B",,"Y",,,,900,9,"D","G","A","VIA INGOLIA","NEW MARKET DR",172,"S","N","2014-09-30",3404,"2014-09-18",800,"0622","SACTO","5","7","0","0",,"0","01A","-","N",,0,0,,,0,,,,"N",2,"A","-",0,,"N","A","H","-","A","D","0","Y","A","08",0,0,1,0,0,0,1,0,0,"-","-","SACRAMENTO","SACRAMENTO","CA",0,0
"6633097",-121.4950382,38.6083304,2014,"3404","0","4","4","03",0,1,"A",,,,,,1800,9,"C","C","A","GARDEN HWY","TRUXEL RD",800,"E","N","2014-09-29",3404,"2014-09-18",1649,"8178",,"5","7","0","0",,"0",,"-","N",,0,0,,,0,,,,"Y",4,"A","-",22350,,"N","A","H","-","A","D","0","Y","A","07",0,0,1,0,0,0,0,0,0,"-","-","SACRAMENTO","SACRAMENTO","CA",0,0
"6633093",-121.415303,38.619295,2014,"3404","0","3","4","08",0,3,"A",,,,,,2400,9,"D","C","A","HOWE AV","JULIESSE AV",0,,"Y","2014-09-29",3404,"2014-09-17",2340,"214",,"5","7","0","0",,"0","02C","-","N",,0,0,,,0,,,,"Y",2,"A","-",22107,,"N","A","H","-","C","D","0","Y","-",,0,0,3,0,0,0,0,0,0,"-","-","SACRAMENTO","SACRAMENTO","CA",0,0
"6633089",-121.4986331,38.5718651,2014,"3404","0","5","4","09",0,1,"A",,,"Y",,,1800,9,"D","C","A","9TH ST","R ST",0,,"Y","2014-09-29",3404,"2014-09-19",1531,"0911","3","5","7","0","0",,"0","00A","-","N",,0,0,,,0,,,,"Y",2,"A","-",21802,"A","N","A","H","-","A","A","0","Y","A","01",0,0,1,0,0,0,0,0,1,"-","-","SACRAMENTO","SACRAMENTO","CA",0,0
"6633085",-121.426753,38.449735,2014,"3404","0","3","4","05",0,1,"A",,"Y",,,,900,9,"D","G","A","CALVINE RD","SONGBIRD CT",0,,"Y","2014-09-29",3404,"2014-09-17",727,"588","SAC","5","7","0","0",,"0","05C","-","N",,0,0,,,0,,,,"N",2,"A","-",21650,"1","N","A","H","-","A","A","0","Y","L","04",0,0,1,0,0,0,1,0,0,"-","-","SACRAMENTO","SACRAMENTO","CA",0,0
"6633069",0,0,2014,"3450","0","2","3","08",0,1,"A",,"Y",,,,2100,9,"D","G","A","FRANKLIN HIGH RD","WHITELOCK PKWY",0,,"Y","2014-09-29",340,"2014-09-16",1846,"10336","4302","5","5","0","0",,"0","004","-","N",,0,0,,,0,,,,"N",2,"A","-",22100,"A","N","A","H","-","A","A","0","Y","A","01",0,1,0,0,0,0,1,0,0,"-","-","ELK GROVE","SACRAMENTO","CA",0,0
"6632912",-121.4875031,38.5872551,2014,"3404","0","5","4","08",0,1,"A",,,,,,900,9,"B","C","A","12TH ST","C ST",0,,"Y","2014-11-05",3404,"2014-09-12",710,"8195",,"5","7","0","0",,"0","03A","-","N",,0,0,,,0,,,,"N",2,"A","-",22100,"B","N","A","H","-","A","A","0","Y","-",,0,0,1,0,0,0,0,0,0,"-","-","SACRAMENTO","SACRAMENTO","CA",0,0
"6632908",-121.4225231,38.510535,2014,"3404","0","4","3","12",0,3,"A",,,,,,900,9,"D","C","A","ELDER CREEK RD","RANCHO ADOBE DR",0,,"Y","2014-11-05",3404,"2014-09-18",718,"524",,"5","7","0","0",,"0",,"-","N",,0,0,,,0,,,,"Y",2,"A","-",21453,"A","N","A","H","-","A","A","0","Y","A","01",0,1,2,0,0,0,0,0,0,"-","-","SACRAMENTO","SACRAMENTO","CA",0,0
"6632904",-121.4915089,38.4856935,2014,"3404","0","2","3","08",0,1,"A",,,"Y",,,1500,9,"A","C","A","WINKLEY WY","MATSON DR",69,"N","N","2014-11-21",3404,"2014-09-16",1443,"379",,"5","7","0","0",,"0","05A","-","N",,0,0,,,0,,,,"Y",2,"A","-",22107,,"N","A","H","-","A","A","0","Y","C","02",0,1,0,0,0,0,0,0,1,"-","-","SACRAMENTO","SACRAMENTO","CA",0,0
"6632892",-121.4065631,38.417165,2014,"3450","0","7","4","03",0,1,"A",,,,,,1500,9,"C","C","A","BIG HORN BL","LONGLEAF DR",0,,"Y","2015-12-21",340,"2014-09-14",1416,"10170","2402","5","5","0","0",,"0","002","-","N",,0,0,,,0,,,,"Y",2,"A","-",22350,,"N","A","H","-","A","A","0","Y","D","22",0,0,1,0,0,0,0,0,0,"-","-","ELK GROVE","SACRAMENTO","CA",0,0