"CASEID","POINT_X","POINT_Y","YEAR_","LOCATION","CHPTYPE","DAYWEEK","CRASHSEV","VIOLCAT","KILLED","INJURED","WEATHER1","PEDCOL","BICCOL","MCCOL","TRUCKCOL","ETOH","TIMECAT","MONTH_","CRASHTYP","INVOLVE","PED","PRIMARYRD","SECONDRD","DISTANCE","DIRECT","INTERSECT_","PROCDATE","JURIS","DATE_","TIME_","BADGE","JURIDIST","SHIFT","POP","SPECIAL","BEATTYPE","LAPDDIV","BEATCLAS","BEATNUMB","WEATHER2","STATEHW","CALTRANC","CALTRAND","STROUTE","ROUTESUF","POSTPRE","POSTMILE","LOCATYPE","RAMP","SIDEHW","TOWAWAY","PARTIES","PCF","VIOLCODE","VIOL","VIOLSUB","HITRUN","ROADSURF","RDCOND1","RDCOND2","LIGHTING","RIGHTWAY","CHPRDTYP","NOTPRIV","STFAULT","CHPFAULT","SEVINJ","OTHERINJ","COP","PEDKILL","PEDINJ","BICKILL","BICINJ","MCKILL","MCINJURE","RAMP1","RAMP2","CITY","COUNTY","STATE","X_CHP","Y_CHP"
"6632779",-121.2722502,38.6630958,2014,"3400","4","4","4","03",0,1,"A",,,,,,1800,9,"C","C","A","SUNRISE BL","MADISON AV",262,"S","N","2014-10-07",9260,"2014-09-25",1720,"16685",,"2","9","0","2",,"2","301","-","N",,0,0,,,0,,,,"N",2,"A","-",22350,,"N","A","H","-","A","D","0","Y","A","01",0,0,1,0,0,0,0,0,0,"-","-","UNINCORPORATED","SACRAMENTO","CA",0,0
"6632695",-121.2947405,38.6636151,2014,"3400","4","5","4","03",0,1,"A",,,,,,1800,8,"C","C","A","MADISON AV","FLEETWOOD DR",130,"W","N","2014-11-07",9250,"2014-08-15",1739,"017482",,"2","9","0","2",,"1","024","-","N",,0,0,,,0,,,,"N",2,"A","-",22350,,"N","A","H","-","A","A","0","Y","A","01",0,0,1,0,0,0,0,0,0,"-","-","UNINCORPORATED","SACRAMENTO","CA",0,0
"6632687",0,0,2014,"3400","4","1","4","08",0,1,"A",,,,,,900,8,"D","C","A","ANTELOPE RD","MONUMENT DR",379,"E","N","2014-11-07",9250,"2014-08-18",852,"012638",,"1","9","0","2",,"1","012","-","N",,0,0,,,0,,,,"Y",2,"A","-",22107,,"N","A","H","-","A","D","0","Y","J","48",0,0,1,0,0,0,0,0,0,"-","-","UNINCORPORATED","SACRAMENTO","CA",0,0
"6632683",-121.2943306,38.6362793,2014,"3400","4","5","4","08",0,1,"A",,"Y",,,,1500,8,"H","G","A","FAIR OAKS BL","RENNER ST",95,"E","N","2014-11-07",9250,"2014-08-15",1420,"017482",,"2","9","0","2",,"1","053","-","N",,0,0,,,0,,,,"N",2,"A","-",22107,,"N","A","H","-","A","D","0","Y","J","41",0,0,1,0,0,0,1,0,0,"-","-","UNINCORPORATED","SACRAMENTO","CA",0,0
"6632640",-121.4352892,38.6431278,2014,"3404","1","6","4","03",0,1,"A",,,,,,2100,8,"C","C","A","RT 80","RALEY BL",1165,"W","N","2016-05-03",9250,"2014-08-16",1850,"018014",,"2","7","0","1",,"2","182","-","Y","SAC",3,80,"-","M",7.41,"H","-","E","Y",2,"A","-",22350,,"N","A","D","-","A","A","1","Y","A","01",0,0,1,0,0,0,0,0,0,"-","-","SACRAMENTO","SACRAMENTO","CA",0,0
"6632636",-121.5399576,38.6103787,2014,"3404","1","7","2","11",0,1,"A","Y",,,,,2100,8,"G","B","E","RT 80","W EL CAMINO AV OC",1880,"W","N","2016-05-03",9250,"2014-08-03",2047,"018115",,"2","7","0","1",,"2","181","-","Y","SAC",3,80,"-","M",1,"H","-","W","N",2,"A","-",21954,"A","N","A","D","-","D","D","1","Y","N","60",1,0,0,0,1,0,0,0,0,"-","-","SACRAMENTO","SACRAMENTO","CA",0,0
"6632632",-121.4532245,38.6414171,2014,"3404","1","1","4","03",0,1,"A",,,,,,900,8,"C","C","A","RT 80","NORWOOD AV",800,"E","N","2016-05-03",9250,"2014-08-18",700,"012813",,"1","7","0","1",,"2","181","-","Y","SAC",3,80,"-","M",6.27,"H","-","W","N",2,"A","-",22350,,"N","A","D","-","A","D","1","Y","A","01",0,0,1,0,0,0,0,0,0,"-","-","SACRAMENTO","SACRAMENTO","CA",0,0
"6632325",-121.4659035,38.4272624,2014,"3450","0","4","4","03",0,1,"A",,,,,,1800,9,"C","C","A","LAGUNA BL","HAUSSMANN ST",36,"W","N","2014-12-11",340,"2014-09-11",1743,"10527","1101","5","5","0","0",,"0","001","-","N",,0,0,,,0,,,,"N",2,"A","-",22350,,"N","A","H","-","A","A","0","Y","D","22",0,0,1,0,0,0,0,0,0,"-","-","ELK GROVE","SACRAMENTO","CA",0,0
"6632321",-121.3955366,38.4090633,2014,"3450","0","6","4","03",0,2,"A",,,,,,1500,9,"C","C","A","ELK GROVE BL","LAGUNA SPRINGS DR",42,"E","N","2014-10-14",340,"2014-09-06",1407,"10009","4203","5","5","0","0",,"0","004","-","N",,0,0,,,0,,,,"N",2,"A","-",22350,,"F","A","H","-","A","A","0","Y","A","01",0,0,2,0,0,0,0,0,0,"-","-","ELK GROVE","SACRAMENTO","CA",0,0
"6632239",-121.2716262,38.6398551,2014,"3400","4","2","4","21",0,1,"A",,,,,,1500,9,"C","C","A","SUNRISE BL","FAIR OAKS BL",110,"S","N","2014-10-13",9260,"2014-09-02",1304,"017084",,"1","9","0","2",,"2","301","-","N",,0,0,,,0,,,,"N",2,"A","-",22106,,"N","A","H","-","A","D","0","Y","A","01",0,0,1,0,0,0,0,0,0,"-","-","UNINCORPORATED","SACRAMENTO","CA",0,0
"6632235",-121.1832359,38.6415192,2014,"3400","2","4","4","03",0,1,"A",,,,,,1200,9,"C","C","A","RT 50","FOLSOM BL",3696,"E","N","2016-05-06",9260,"2014-09-04",950,"015367",,"1","9","0","1",,"2","502","-","Y","SAC",3,50,"-","-",17.78,"H","-","E","N",2,"A","-",22350,,"N","A","H","-","A","A","1","Y","A","01",0,0,1,0,0,0,0,0,0,"-","-","UNINCORPORATED","SACRAMENTO","CA",0,0
"6632231",-121.3004292,38.583186,2014,"3490","2","4","4","07",0,2,"A",,,,,,2100,9,"B","C","A","RT 50","WHITE ROCK PED",800,"W","N","2016-05-06",9260,"2014-09-04",1810,"018316",,"2","5","0","1",,"2","501","-","Y","SAC",3,50,"-","R",9.99,"H","-","W","N",2,"A","-",21658,"A","N","A","H","-","A","D","1","Y","-","-",0,0,2,0,0,0,0,0,0,"-","-","RANCHO CORDOVA","SACRAMENTO","CA",-121.3008,38.58314
"6632227",-121.3035267,38.581315,2014,"3490","2","2","4","03",0,1,"A",,,"Y",,,1500,9,"F","I","A","RT 50","MATHER FIELD RD",1056,"E","N","2016-05-11",9260,"2014-09-09",1443,"012718",,"2","5","0","1",,"2","501","-","Y","SAC",3,50,"-","R",9.71,"H","-","W","Y",1,"A","-",22350,,"N","A","H","-","A","D","1","Y","C","02",0,0,1,0,0,0,0,0,1,"-","-","RANCHO CORDOVA","SACRAMENTO","CA",0,0
"6632223",-121.3546632,38.547416,2014,"3400","4","3","4","08",0,1,"A",,,,,,1200,9,"E","I","A","KIEFER BL","WESTPORTER DR",20,"E","N","2014-10-13",9260,"2014-09-10",1115,"013560",,"1","9","0","2",,"2","101","-","N",,0,0,,,0,,,,"Y",2,"A","-",22107,,"N","A","H","-","A","A","0","Y","A","07",0,0,1,0,0,0,0,0,0,"-","-","UNINCORPORATED","SACRAMENTO","CA",-121,38
"6632219",-121.1918699,38.6404652,2014,"3401","2","1","2","08",0,4,"A",,,,,,2400,9,"E","I","A","RT 50","FOLSOM BL",954,"E","N","2016-05-11",9260,"2014-09-01",2245,"018316",,"3","5","0","1",,"2","502","-","Y","SAC",3,50,"-","-",17.26,"H","-","E","Y",1,"A","-",22107,,"N","A","H","-","C","D","1","Y","A","01",1,2,1,0,0,0,0,0,0,"-","-","FOLSOM","SACRAMENTO","CA",-121.11355,38.38247
"6632215",-121.2256185,38.6809024,2014,"3400","4","3","4","03",0,1,"A",,,,,,1800,9,"C","C","A","HAZEL AV","CEREZO DR",50,"N","N","2014-10-13",9260,"2014-09-03",1740,"013560",,"2","9","0","2",,"2","307","-","N",,0,0,,,0,,,,"N",2,"A","-",22350,,"N","A","H","-","A","A","0","Y","A","01",0,0,1,0,0,0,0,0,0,"-","-","UNINCORPORATED","SACRAMENTO","CA",-121,38
"6632211",-121.3053178,38.579986,2014,"3490","2","5","3","07",0,1,"A",,,,,,1500,9,"E","I","A","RT 50","MATHER FIELD RD",492,"E","N","2016-05-11",9260,"2014-09-12",1255,"016328",,"1","5","0","1",,"2","501","-","Y","SAC",3,50,"-","R",9.61,"H","-","E","Y",2,"A","-",21658,"A","N","A","H","-","A","D","1","Y","A","01",0,1,0,0,0,0,0,0,0,"-","-","RANCHO CORDOVA","SACRAMENTO","CA",0,0
"6632207",-121.2219345,38.6338072,2014,"3400","4","4","3","03",0,2,"A",,,,,,2100,9,"C","C","A","HAZEL AV","GOLD COUNTRY BL",15,"S","N","2014-10-13",9260,"2014-09-11",1945,"018713",,"2","9","0","2",,"2","103","-","N",,0,0,,,0,,,,"Y",2,"A","-",22350,,"N","A","H","-","C","D","0","Y","A","01",0,1,1,0,0,0,0,0,0,"-","-","UNINCORPORATED","SACRAMENTO","CA",-121.13179,38.38017
"6632203",-121.2722431,38.6447351,2014,"3400","4","4","3","09",0,2,"A",,,,,,2400,9,"A","C","A","SUNRISE BL","WINDING WY",0,,"Y","2014-10-13",9260,"2014-09-11",2138,"016371",,"2","9","0","2",,"2","301","-","N",,0,0,,,0,,,,"Y",2,"A","-",21453,"C","N","A","H","-","C","A","0","Y","A","01",0,1,1,0,0,0,0,0,0,"-","-","UNINCORPORATED","SACRAMENTO","CA",0,0
"6632181",-121.3104431,38.678215,2014,"3496","0","7","4","12",0,2,"A",,,,,"Y",2100,9,"A","C","A","VAN MAREN LN","GREENBACK LN",0,,"Y","2014-10-03",3496,"2014-09-14",1900,"379","3496","5","5","0","0",,"0","003","-","N",,0,0,,,0,,,,"N",2,"A","-",21453,"A","N","A","H","-","A","A","0","Y","A","01",0,0,2,0,0,0,0,0,0,"-","-","CITRUS HEIGHTS","SACRAMENTO","CA",0,0
"6632168",-121.1480106,38.6419616,2014,"3401","2","3","4","04",0,2,"A",,,,,,900,9,"C","C","A","RT 50","PRAIRIE CITY RD",1900,"E","N","2016-05-11",9260,"2014-09-10",825,"012316",,"1","5","0","1",,"2","502","-","Y","SAC",3,50,"-","-",19.6,"H","-","W","Y",3,"A","-",21703,,"N","A","H","-","A","D","1","Y","A","01",0,0,2,0,0,0,0,0,0,"-","-","FOLSOM","SACRAMENTO","CA",0,0
"6632164",-121.3168923,38.5746774,2014,"3400","2","4","4","07",0,2,"A",,,,,,1800,9,"E","I","A","RT 50","MATHER FIELD RD",2640,"W","N","2016-05-06",9260,"2014-09-11",1710,"012900",,"2","9","0","1",,"2","501","-","Y","SAC",3,50,"-","R",9.01,"H","-","E","Y",2,"A","-",21658,"A","M","A","H","-","A","D","1","Y","A","01",0,0,2,0,0,0,0,0,0,"-","-","UNINCORPORATED","SACRAMENTO","CA",0,0
"6631280",0,0,2014,"3400","4","4","4","09",0,1,"A",,,,,,1500,8,"D","C","A","WATT AV","JAMES WY",10,"S","N","2014-10-02",9250,"2014-08-14",1340,"017900",,"1","9","0","2",,"1","011","-","N",,0,0,,,0,,,,"Y",2,"A","-",21453,"B","N","A","H","-","A","A","0","Y","A","01",0,0,1,0,0,0,0,0,0,"-","-","UNINCORPORATED","SACRAMENTO","CA",0,0
"6631279",-121.3938031,38.574135,2014,"3400","4","6","4","09",0,1,"A",,,,,,1800,8,"D","C","A","FAIR OAKS BL","DRAKE CIR",0,,"Y","2014-10-02",9250,"2014-08-16",1505,"018774",,"2","9","0","2",,"1","048","-","N",,0,0,,,0,,,,"Y",2,"A","-",21802,"A","N","A","H","-","A","D","0","Y","A","01",0,0,1,0,0,0,0,0,0,"-","-","UNINCORPORATED","SACRAMENTO","CA",-121.39365,38.57413
"6631278",-121.3829732,38.6887669,2014,"3400","4","1","3","03",0,1,"A",,"Y",,,,1200,8,"C","E","A","WATT AV","MILTON WY",48,"N","N","2014-10-03",9250,"2014-08-25",1100,"012638",,"1","9","0","2",,"1","011","-","N",,0,0,,,0,,,,"N",2,"A","-",22350,,"N","A","H","-","A","D","0","Y","L","04",0,1,0,0,0,0,1,0,0,"-","-","UNINCORPORATED","SACRAMENTO","CA",0,0
"6631276",-121.3796237,38.6905065,2014,"3400","4","4","4","01",0,1,"A",,,,,"Y",300,8,"A","E","A","ELKHORN BL","CANTEL WY",200,"W","N","2014-10-02",9250,"2014-08-21",125,"018816",,"3","9","0","2",,"1","014","-","N",,0,0,,,0,,,,"Y",2,"A","-",23152,"A","N","A","H","-","D","D","0","Y","A","01",0,0,1,0,0,0,0,0,0,"-","-","UNINCORPORATED","SACRAMENTO","CA",0,0
"6631275",-121.3830632,38.6366412,2014,"3400","4","3","2","11",0,1,"A","Y",,,,"Y",2400,8,"G","B","D","WATT AV","AUBURN BL",191,"S","N","2016-03-11",9250,"2014-08-27",2155,"018735",,"2","9","0","2",,"1","045","-","N",,0,0,,,0,,,,"Y",2,"A","-",21954,"A","N","A","H","-","C","D","0","Y","N","60",1,0,0,0,1,0,0,0,0,"-","-","UNINCORPORATED","SACRAMENTO","CA",0,0
"6631274",-121.3829831,38.678975,2014,"3400","4","6","3","12",0,2,"A",,,,,,1800,8,"D","C","A","WATT AV","DON JULIO BL",0,,"Y","2014-10-02",9250,"2014-08-23",1630,"017818",,"2","9","0","2",,"1","011","-","N",,0,0,,,0,,,,"Y",3,"A","-",21453,"A","N","A","H","-","A","A","0","Y","A","01",0,1,1,0,0,0,0,0,0,"-","-","UNINCORPORATED","SACRAMENTO","CA",0,0
"6631272",-121.4474131,38.568015,2014,"3404","0","6","4","-",0,1,"A",,,,,,2400,8,"E","I","A","J ST","45TH ST",0,,"Y","2014-10-27",3404,"2014-08-23",2347,"629","60","5","7","0","0",,"0","06D","-","N",,0,0,,,0,,,,"Y",1,"A","-",0,,"N","A","H","-","C","D","0","Y","-",,0,0,1,0,0,0,0,0,0,"-","-","SACRAMENTO","SACRAMENTO","CA",0,0
"6631271",0,0,2014,"3400","4","3","4","05",0,1,"A",,,,,,900,8,"D","C","A","ANTELOPE RD","MONUMENT DR",260,"E","N","2014-10-02",9250,"2014-08-13",810,"012931",,"1","9","0","2",,"1","012","-","N",,0,0,,,0,,,,"N",2,"A","-",21651,"A","N","A","H","-","A","A","0","Y","A","01",0,0,1,0,0,0,0,0,0,"-","-","UNINCORPORATED","SACRAMENTO","CA",0,0
"6631270",-121.4185192,38.5915874,2014,"3400","5","1","4","05",0,1,"A",,,,,,2100,8,"B","C","A","HALLMARK DR","HOWE AV",900,"W","N","2014-10-03",9250,"2014-08-18",1955,"018260",,"2","9","0","3",,"2","040","-","N",,0,0,,,0,,,,"Y",2,"A","-",21650,,"F","A","H","-","C","D","0","Y","A","01",0,0,1,0,0,0,0,0,0,"-","-","UNINCORPORATED","SACRAMENTO","CA",0,0
"6631267",-121.3297182,38.6810666,2014,"3400","4","5","4","03",0,4,"A",,,,,,2100,8,"C","C","A","GREENBACK LN","VERNER AV",1056,"E","N","2014-10-02",9250,"2014-08-15",1810,"017752",,"2","9","0","2",,"1","022","-","N",,0,0,,,0,,,,"N",4,"A","-",22350,,"N","A","H","-","A","D","0","Y","A","01",0,0,4,0,0,0,0,0,0,"-","-","UNINCORPORATED","SACRAMENTO","CA",0,0
"6631266",-121.3644548,38.7041485,2014,"3400","4","1","4","03",0,1,"A",,,,,,1800,8,"C","C","A","WALERGA RD","ANTELOPE RD",85,"N","N","2014-10-02",9250,"2014-08-18",1500,"015518",,"2","9","0","2",,"1","013","-","N",,0,0,,,0,,,,"Y",5,"A","-",22350,,"N","A","H","-","A","D","0","Y","A","08",0,0,1,0,0,0,0,0,0,"-","-","UNINCORPORATED","SACRAMENTO","CA",0,0
"6631263",-121.3830588,38.6356742,2014,"3400","4","3","4","03",0,1,"A",,,"Y",,,1500,8,"F","A","A","WATT AV","LERWICK RD",200,"N","N","2014-10-02",9250,"2014-08-13",1240,"012818",,"1","9","0","2",,"1","045","-","N",,0,0,,,0,,,,"N",1,"A","-",22350,,"N","A","H","-","A","D","0","Y","C","02",0,0,1,0,0,0,0,0,1,"-","-","UNINCORPORATED","SACRAMENTO","CA",0,0
"6631262",-121.3830479,38.5687023,2014,"3400","4","7","3","08",0,2,"A",,,,,,1200,8,"E","I","A","WATT AV","AMERICAN RIVER DR",500,"S","N","2014-10-03",9250,"2014-08-24",1000,"014344",,"1","9","0","2",,"1","045","-","N",,0,0,,,0,,,,"Y",1,"A","-",22107,,"N","A","H","-","A","D","0","Y","A","01",0,1,1,0,0,0,0,0,0,"TO","-","UNINCORPORATED","SACRAMENTO","CA",0,0
"6631259",-121.346023,38.598775,2014,"3400","5","1","4","09",0,1,"A",,,,,,1800,8,"D","C","A","WALNUT AV","THOR WY",0,,"Y","2014-10-02",9250,"2014-08-18",1504,"018260",,"2","9","0","3",,"2","050","-","N",,0,0,,,0,,,,"Y",2,"A","-",21802,"A","N","A","H","-","A","A","0","Y","A","07",0,0,1,0,0,0,0,0,0,"-","-","UNINCORPORATED","SACRAMENTO","CA",0,0
"6631258",-121.3851043,38.5698791,2014,"3400","5","5","4","08",0,1,"A",,,,,,1800,8,"E","J","A","AMERICAN RIVER DR","CALLNON CT",240,"E","N","2014-10-03",9250,"2014-08-22",1710,"018774",,"2","9","0","3",,"2","040","-","N",,0,0,,,0,,,,"Y",1,"A","-",22107,,"N","A","H","-","A","D","0","Y","A","07",0,0,1,0,0,0,0,0,0,"-","-","UNINCORPORATED","SACRAMENTO","CA",-121.38506,38.57002
"6631255",-121.4154193,38.597012,2014,"3400","4","1","4","03",0,1,"A",,,,,,1500,8,"C","C","A","HOWE AV","ALTA ARDEN EXPWY",500,"S","N","2014-10-02",9250,"2014-08-18",1305,"017620",,"1","9","0","2",,"1","041","-","N",,0,0,,,0,,,,"Y",2,"A","-",22350,,"N","A","H","-","A","D","0","Y","A","01",0,0,1,0,0,0,0,0,0,"-","-","UNINCORPORATED","SACRAMENTO","CA",0,0
"6631254",0,0,2014,"3400","4","5","4","03",0,2,"A",,,,,,1800,8,"D","C","A","EL CAMINO AV","HOWE AV",150,"W","N","2014-10-02",9250,"2014-08-22",1705,"015961",,"2","9","0","2",,"1","044","-","N",,0,0,,,0,,,,"N",3,"A","-",22350,,"N","A","H","-","A","D","0","Y","A","01",0,0,2,0,0,0,0,0,0,"-","-","UNINCORPORATED","SACRAMENTO","CA",0,0
"6631251",-121.3766831,38.704055,2014,"3400","4","3","4","09",0,2,"A",,,,,,1200,8,"A","C","A","ANTELOPE RD","BLACK BEAR DR",0,,"Y","2014-10-02",9250,"2014-08-20",1145,"017620",,"1","9","0","2",,"1","012","-","N",,0,0,,,0,,,,"Y",2,"A","-",21801,"A","N","A","H","-","A","A","0","Y","A","01",0,0,2,0,0,0,0,0,0,"-","-","UNINCORPORATED","SACRAMENTO","CA",0,0
"6631250",-121.2854772,38.6637951,2014,"3400","4","4","4","04",0,2,"A",,,,,,1800,8,"C","C","A","MADISON AV","MARIPOSA AV",250,"W","N","2014-10-02",9250,"2014-08-21",1745,"015369",,"2","9","0","2",,"1","024","-","N",,0,0,,,0,,,,"Y",3,"A","-",21703,,"N","A","H","-","A","D","0","Y","A","01",0,0,2,0,0,0,0,0,0,"-","-","UNINCORPORATED","SACRAMENTO","CA",0,0
"6631247",-121.3252881,38.660902,2014,"3400","5","7","4","03",0,1,"A",,,,,,2100,8,"D","C","A","SCHUYLER DR","MADISON AV",5,"S","N","2014-10-02",9250,"2014-08-17",1946,"018014",,"2","9","0","3",,"2","020","-","N",,0,0,,,0,,,,"N",2,"A","-",22350,,"N","A","H","-","B","A","0","Y","A","01",0,0,1,0,0,0,0,0,0,"-","-","UNINCORPORATED","SACRAMENTO","CA",0,0
"6631246",-121.3275132,38.7183435,2014,"3400","5","4","4","03",0,2,"A",,,,,,2100,8,"C","C","A","ANTELOPE NORTH RD","OLIVE AV",400,"N","N","2014-10-03",9250,"2014-08-21",2040,"018735",,"2","9","0","3",,"2","010","-","N",,0,0,,,0,,,,"Y",2,"A","-",22350,,"N","A","H","-","C","D","0","Y","A","01",0,0,2,0,0,0,0,0,0,"-","-","UNINCORPORATED","SACRAMENTO","CA",0,0
"6631243",-121.3497293,38.6916026,2014,"3404","5","3","3","01",0,1,"A",,,,,"Y",300,8,"E","I","A","ELKHORN BL","DON JULIO BL",750,"E","N","2014-10-02",9250,"2014-08-27",5,"016141",,"3","7","0","3",,"2","010","-","N",,0,0,,,0,,,,"Y",1,"A","-",23152,"A","N","A","H","-","C","D","0","Y","A","01",0,1,0,0,0,0,0,0,0,"-","-","SACRAMENTO","SACRAMENTO","CA",0,0
"6631242",-121.3829128,38.695721,2014,"3400","4","3","3","08",0,1,"A",,,"Y",,,1800,8,"F","A","A","WATT AV","TURNER RD",24,"N","N","2014-10-03",9250,"2014-08-20",1705,"15745",,"2","9","0","2",,"1","011","-","N",,0,0,,,0,,,,"N",1,"A","-",22107,,"N","A","H","-","A","D","0","Y","C","03",0,1,0,0,0,0,0,0,1,"-","-","UNINCORPORATED","SACRAMENTO","CA",0,0
"6631239",-121.3715432,38.7040712,2014,"3400","4","3","4","03",0,2,"A",,,,,,1800,8,"D","C","A","GREY WOLF DR","ANTELOPE RD",35,"N","N","2014-10-02",9250,"2014-08-06",1751,"015866",,"2","9","0","2",,"1","012","-","N",,0,0,,,0,,,,"Y",2,"A","-",22350,,"N","A","H","-","A","D","0","Y","A","01",0,0,2,0,0,0,0,0,0,"-","-","UNINCORPORATED","SACRAMENTO","CA",0,0
"6631238",0,0,2014,"3400","5","4","3","05",0,1,"A",,"Y",,,,1800,8,"H","G","A","ELVERTA RD","COPPER PENNY DR",0,,"Y","2014-10-03",9250,"2014-08-21",1500,"015961",,"2","9","0","3",,"2","010","-","N",,0,0,,,0,,,,"N",2,"A","-",21650,"1","N","A","H","-","A","A","0","Y","L","04",0,1,0,0,0,0,1,0,0,"-","-","UNINCORPORATED","SACRAMENTO","CA",0,0
"6631235",-121.3394181,38.6136951,2014,"3400","5","3","4","08",0,1,"A",,,,,,2400,8,"E","I","A","KENNETH AV","LARRY LN",10,"E","N","2014-10-02",9250,"2014-08-13",2230,"014532",,"3","9","0","3",,"2","050","-","N",,0,0,,,0,,,,"N",1,"A","-",22107,,"N","A","H","-","C","D","0","Y","A","07",0,0,1,0,0,0,0,0,0,"-","-","UNINCORPORATED","SACRAMENTO","CA",0,0
"6631234",-121.370733,38.650385,2014,"3400","5","3","4","12",0,2,"A",,,,,,900,8,"D","C","A","NORRIS AV","PASADENA AV",0,,"Y","2014-10-27",9250,"2014-08-20",815,"014845",,"1","9","0","3",,"2","040","-","N",,0,0,,,0,,,,"Y",2,"A","-",22450,"A","N","A","H","-","A","A","0","Y","-","-",0,0,2,0,0,0,0,0,0,"-","-","UNINCORPORATED","SACRAMENTO","CA",0,0
"6631231",-121.415413,38.598385,2014,"3400","4","1","3","03",0,2,"A",,,,,,1800,8,"C","C","A","HOWE AV","ALTA ARDEN EXPWY",0,,"Y","2014-10-02",9250,"2014-08-11",1628,"018260",,"2","9","0","2",,"1","041","-","N",,0,0,,,0,,,,"Y",2,"A","-",22350,,"N","A","H","-","A","A","0","Y","A","07",0,1,1,0,0,0,0,0,0,"-","-","UNINCORPORATED","SACRAMENTO","CA",0,0
"6631230",-121.5306834,38.6509777,2014,"3400","1","3","3","08",0,1,"A",,,,,,1800,8,"E","I","A","RT 5","DEL PASO RD",1583,"S","N","2016-05-03",9250,"2014-08-20",1734,"015866",,"2","9","0","1",,"2","106","-","Y","SAC",3,5,"-","-",28.72,"H","-","S","Y",1,"A","-",22107,,"N","A","H","-","A","D","1","Y","A","01",0,1,0,0,0,0,0,0,0,"-","-","UNINCORPORATED","SACRAMENTO","CA",0,0
"6631227",-121.3379431,38.703625,2014,"3400","4","1","4","12",0,1,"A",,,,,,900,8,"D","C","A","ANTELOPE RD","ANTELOPE NORTH RD",0,,"Y","2014-10-02",9250,"2014-08-18",650,"012638",,"1","9","0","2",,"1","012","-","N",,0,0,,,0,,,,"Y",2,"A","-",21453,"A","N","A","H","-","A","A","0","Y","A","01",0,0,1,0,0,0,0,0,0,"-","-","UNINCORPORATED","SACRAMENTO","CA",0,0
"6631226",-121.3827985,38.5741264,2014,"3400","4","3","4","03",0,2,"A",,,,,,2100,8,"C","C","A","FAIR OAKS BL","WATT AV",100,"E","N","2014-10-03",9250,"2014-08-13",2050,"014532",,"2","9","0","2",,"1","048","-","N",,0,0,,,0,,,,"N",2,"A","-",22350,,"N","A","H","-","C","A","0","Y","A","07",0,0,2,0,0,0,0,0,0,"-","-","UNINCORPORATED","SACRAMENTO","CA",0,0
"6631223",-121.3518758,38.6927924,2014,"3400","5","5","2","01",0,1,"A",,,,,,300,8,"E","I","A","DON JULIO BL","ELKHORN BL",66,"S","N","2014-10-02",9250,"2014-08-15",54,"017734",,"3","9","0","3",,"2","010","-","N",,0,0,,,0,,,,"Y",1,"A","-",23152,"E","M","A","H","-","E","D","0","Y","A","01",1,0,0,0,0,0,0,0,0,"-","-","UNINCORPORATED","SACRAMENTO","CA",0,0
"6631222",-121.5071631,38.6051551,2014,"3404","1","7","2","08",0,1,"A",,,"Y",,,2100,8,"F","A","A","RT 5","GARDEN HWY",250,"N","N","2016-05-03",9250,"2014-08-17",1855,"017818",,"2","7","0","1",,"2","105","-","Y","SAC",3,5,"-","-",25.328,"R","2","N","Y",1,"A","-",22107,,"N","A","H","-","A","D","1","Y","C","02",1,0,0,0,0,0,0,0,1,"TO","-","SACRAMENTO","SACRAMENTO","CA",0,0
"6631221",-121.3723731,38.572205,2014,"3400","5","5","2","08",0,1,"A",,,"Y",,,1800,8,"D","C","A","WILHAGGIN DR","DUNSTER WY",0,,"Y","2014-10-03",9250,"2014-08-22",1505,"018774",,"2","9","0","3",,"2","040","-","N",,0,0,,,0,,,,"Y",2,"A","-",22103,,"N","A","H","-","A","D","0","Y","A","01",1,0,0,0,0,0,0,0,1,"-","-","UNINCORPORATED","SACRAMENTO","CA",-121.37212,38.57223
"6631219",-121.3286331,38.6169102,2014,"3400","4","5","4","08",0,4,"A",,,,,,1200,8,"E","I","A","FAIR OAKS BL","MARCONI AV",20,"S","N","2014-10-02",9250,"2014-08-15",1110,"017900",,"1","9","0","2",,"1","053","-","N",,0,0,,,0,,,,"Y",4,"A","-",22107,,"N","A","H","-","A","D","0","Y","A","08",0,0,4,0,0,0,0,0,0,"-","-","UNINCORPORATED","SACRAMENTO","CA",0,0
"6631218",-121.3817361,38.6581922,2014,"3400","4","5","3","01",0,1,"A",,"Y",,,"Y",2100,8,"H","G","A","ROSEVILLE RD","WATT AV",420,"E","N","2014-10-03",9250,"2014-08-08",2010,"017818",,"2","9","0","2",,"1","015","-","N",,0,0,,,0,,,,"N",2,"A","-",23152,"A","F","A","H","-","A","D","0","Y","A","01",0,1,0,0,0,0,1,0,0,"-","-","UNINCORPORATED","SACRAMENTO","CA",0,0