"CASEID","POINT_X","POINT_Y","YEAR_","LOCATION","CHPTYPE","DAYWEEK","CRASHSEV","VIOLCAT","KILLED","INJURED","WEATHER1","PEDCOL","BICCOL","MCCOL","TRUCKCOL","ETOH","TIMECAT","MONTH_","CRASHTYP","INVOLVE","PED","PRIMARYRD","SECONDRD","DISTANCE","DIRECT","INTERSECT_","PROCDATE","JURIS","DATE_","TIME_","BADGE","JURIDIST","SHIFT","POP","SPECIAL","BEATTYPE","LAPDDIV","BEATCLAS","BEATNUMB","WEATHER2","STATEHW","CALTRANC","CALTRAND","STROUTE","ROUTESUF","POSTPRE","POSTMILE","LOCATYPE","RAMP","SIDEHW","TOWAWAY","PARTIES","PCF","VIOLCODE","VIOL","VIOLSUB","HITRUN","ROADSURF","RDCOND1","RDCOND2","LIGHTING","RIGHTWAY","CHPRDTYP","NOTPRIV","STFAULT","CHPFAULT","SEVINJ","OTHERINJ","COP","PEDKILL","PEDINJ","BICKILL","BICINJ","MCKILL","MCINJURE","RAMP1","RAMP2","CITY","COUNTY","STATE","X_CHP","Y_CHP"
"6600210",-121.3905731,38.4997451,2014,"3400","4","4","4","09",0,2,"A",,,,"Y",,1500,8,"D","C","A","FLORIN PERKINS RD","WEYAND AV",0,,"Y","2014-09-18",9252,"2014-08-21",1225,"18119",,"1","9","0","2",,"2","073","-","N",,0,0,,,0,,,,"Y",2,"A","-",21802,"A","N","A","H","-","A","A","0","Y","F","27",0,0,2,0,0,0,0,0,0,"-","-","UNINCORPORATED","SACRAMENTO","CA",-121.39049,38.49978
"6600190",-121.3853686,38.4526084,2014,"3404","4","3","3","03",0,3,"A",,,,,"Y",2100,8,"C","C","A","CALVINE RD","BARRYMORE DR",50,"E","N","2014-09-15",9252,"2014-08-20",1925,"018167",,"2","7","0","2",,"2","073","-","N",,0,0,,,0,,,,"Y",3,"A","-",22350,,"N","A","H","-","B","D","0","Y","D","22",0,1,2,0,0,0,0,0,0,"-","-","SACRAMENTO","SACRAMENTO","CA",-121.38541,38.45277
"6598694",-121.480443,38.5583951,2014,"3404","0","1","4","09",0,2,"A",,,,,,2400,8,"D","C","A","BROADWAY","25TH ST",0,,"Y","2014-09-08",3404,"2014-08-11",2119,"0760","4","5","7","0","0",,"0","04A","-","N",,0,0,,,0,,,,"N",2,"A","-",21801,"A","N","A","H","-","C","D","0","Y","A","01",0,0,2,0,0,0,0,0,0,"-","-","SACRAMENTO","SACRAMENTO","CA",0,0
"6598690",-121.4572132,38.554045,2014,"3404","0","1","4","05",0,1,"A",,"Y",,,,2100,8,"A","G","A","STOCKTON BL","42ND ST",0,,"Y","2014-09-08",3404,"2014-08-18",1851,"869","6B","5","7","0","0",,"0",,"-","N",,0,0,,,0,,,,"N",2,"A","-",21650,"1","N","A","H","-","A","A","0","Y","L","04",0,0,1,0,0,0,1,0,0,"-","-","SACRAMENTO","SACRAMENTO","CA",0,0
"6598674",-121.4989469,38.5779442,2014,"3404","0","2","4","05",0,1,"A",,"Y",,,,1800,8,"D","G","A","7TH ST","CAPITAL MALL",15,"N","N","2014-09-08",3404,"2014-08-19",1655,"0297","P3","5","7","0","0",,"0","03M","-","N",,0,0,,,0,,,,"N",2,"A","-",21202,"A","N","A","H","-","A","A","0","Y","L","04",0,0,1,0,0,0,1,0,0,"-","-","SACRAMENTO","SACRAMENTO","CA",0,0
"6597759",-121.382494,38.4089642,2014,"3450","0","4","4","03",0,1,"A",,,,,,1500,8,"C","C","A","ELK GROVE BL","ELK RIDGE WY",60,"E","N","2014-09-09",340,"2014-08-14",1344,"10068","5401","5","5","0","0",,"0","005","-","N",,0,0,,,0,,,,"N",3,"A","-",22350,,"N","A","H","-","A","D","0","Y","A","01",0,0,1,0,0,0,0,0,0,"-","-","ELK GROVE","SACRAMENTO","CA",0,0
"6597743",-121.3346731,38.4288213,2014,"3450","0","4","4","03",0,3,"A",,,,,,1800,8,"C","C","A","BRADSHAW RD","MILLPOND CT",5,"S","N","2014-09-09",340,"2014-08-14",1738,"10416","3504","5","5","0","0",,"0","003","-","N",,0,0,,,0,,,,"Y",3,"A","-",22350,,"N","A","H","-","A","D","0","Y","A","01",0,0,3,0,0,0,0,0,0,"-","-","ELK GROVE","SACRAMENTO","CA",0,0
"6597306",-121.3363747,38.5725206,2014,"3400","4","4","3","01",0,1,"A",,,,,"Y",2100,8,"C","C","A","FOLSOM BL","BRADSHAW RD",37,"E","N","2014-09-04",9260,"2014-08-14",2030,"18352",,"2","9","0","2",,"2","101","-","N",,0,0,,,0,,,,"Y",3,"A","-",23152,"A","M","A","H","-","C","A","0","Y","A","01",0,1,0,0,0,0,0,0,0,"-","-","UNINCORPORATED","SACRAMENTO","CA",-121.33621,38.57267
"6596953",-121.5040931,38.597055,2014,"3404","0","4","3","03",0,4,"A",,,,,,1500,8,"-","-","A","NORTH 16TH ST","RICHARDS BL",0,,"Y","2014-09-03",3404,"2014-08-07",1345,"0271",,"5","7","0","0",,"0",,"-","N",,0,0,,,0,,,,"Y",4,"A","-",22350,,"N","A","H","-","A","-","0","Y","D","22",0,1,3,0,0,0,0,0,0,"-","-","SACRAMENTO","SACRAMENTO","CA",0,0
"6596824",-121.4763831,38.574525,2014,"3404","0","1","4","09",0,1,"A",,,,,,1500,8,"D","C","A","K ST","23RD ST",0,,"Y","2014-09-10",3404,"2014-08-18",1447,"690","3","5","7","0","0",,"0","00B","-","N",,0,0,,,0,,,,"Y",2,"A","-",21802,"A","N","A","H","-","A","A","0","Y","A","01",0,0,1,0,0,0,0,0,0,"-","-","SACRAMENTO","SACRAMENTO","CA",0,0
"6596820",-121.3717031,38.4259116,2014,"3450","0","3","4","09",0,1,"A",,,,,,2100,8,"D","C","A","ELK GROVE FLORIN RD","WEST CAMDEN DR",136,"S","N","2014-09-10",340,"2014-08-13",1917,"10527","3404","5","5","0","0",,"0","003","-","N",,0,0,,,0,,,,"N",2,"A","-",21804,"A","N","A","H","-","B","D","0","Y","A","01",0,0,1,0,0,0,0,0,0,"-","-","ELK GROVE","SACRAMENTO","CA",0,0
"6596816",-121.3716817,38.4228961,2014,"3450","0","2","4","03",0,2,"A",,,,,,1800,8,"C","C","A","ELK GROVE FLORIN RD","BOND RD",240,"S","N","2014-09-10",340,"2014-08-12",1749,"10054","3404","5","5","0","0",,"0","003","-","N",,0,0,,,0,,,,"N",3,"A","-",22350,,"N","A","H","-","A","A","0","Y","A","08",0,0,2,0,0,0,0,0,0,"-","-","ELK GROVE","SACRAMENTO","CA",0,0
"6596812",-121.4174631,38.390675,2014,"3450","0","5","4","09",0,1,"A",,,,,,1800,8,"B","C","A","BRUCEVILLE RD","QUAIL RUN LN",0,,"Y","2015-12-21",340,"2014-08-15",1654,"10414","4302","5","5","0","0",,"0","004","-","N",,0,0,,,0,,,,"Y",2,"A","-",21802,"A","N","A","H","-","A","A","0","Y","A","01",0,0,1,0,0,0,0,0,0,"-","-","ELK GROVE","SACRAMENTO","CA",0,0
"6596808",0,0,2014,"3404","0","5","3","21",0,1,"A","Y",,,,,900,8,"G","B","D","SAINTSBURY DR","DUCKHORN DR",69,"S","N","2014-09-10",3404,"2014-08-15",757,"818","1","5","7","0","0",,"0","00A","-","N",,0,0,,,0,,,,"N",2,"A","-",22106,,"N","A","H","-","A","D","0","Y","-",,0,1,0,0,1,0,0,0,0,"-","-","SACRAMENTO","SACRAMENTO","CA",0,0
"6596804",-121.4772931,38.524855,2014,"3404","0","7","4","12",0,1,"A",,,,,,1500,8,"D","C","A","28TH ST","FRUITRIDGE RD",0,,"Y","2014-09-09",3404,"2014-08-17",1420,"530","4","5","7","0","0",,"0","00B","-","N",,0,0,,,0,,,,"Y",2,"A","-",21453,"A","N","A","H","-","A","A","0","Y","-",,0,0,1,0,0,0,0,0,0,"-","-","SACRAMENTO","SACRAMENTO","CA",0,0
"6596800",-121.3652747,38.6436967,2014,"3404","0","4","4","03",0,1,"A",,,,,,900,7,"C","C","A","AUBURN BL","RT 244",0,,"Y","2016-05-06",3404,"2014-07-31",810,"00001",,"5","7","0","0",,"0",,"-","Y","SAC",3,244,"-","T",1.076,"I","5","E","N",2,"A","-",22350,,"N","A","H","-","A","D","0","Y","A","01",0,0,1,0,0,0,0,0,0,"-","-","SACRAMENTO","SACRAMENTO","CA",0,0
"6596770",-121.4701564,38.5188166,2014,"3404","0","6","3","08",0,1,"A",,"Y",,,,2400,8,"H","G","A","FRANKLIN BL","38TH AV",190,"N","N","2014-09-09",3404,"2014-08-02",2217,"00001",,"5","7","0","0",,"0",,"-","N",,0,0,,,0,,,,"N",2,"A","-",22107,,"F","A","H","-","C","D","0","Y","-","99",0,1,0,0,0,0,1,0,0,"-","-","SACRAMENTO","SACRAMENTO","CA",-121.47002,38.51877
"6596657",-121.334693,38.409085,2014,"3450","0","6","4","12",0,1,"A",,,,,,1500,8,"D","C","A","BRADSHAW RD","ELK GROVE BL",0,,"Y","2014-09-11",340,"2014-08-09",1325,"10009","5602","5","5","0","0",,"0","005","-","N",,0,0,,,0,,,,"Y",2,"A","-",22450,"A","N","A","H","-","A","A","0","Y","A","01",0,0,1,0,0,0,0,0,0,"-","-","ELK GROVE","SACRAMENTO","CA",0,0
"6596476",-121.4104961,38.4180869,2014,"3450","0","6","4","06",0,3,"A",,,,,,1200,8,"D","C","A","TRENHOLM DR","RAVENDALE DR",80,"S","N","2014-09-17",340,"2014-08-16",1030,"10009","2401","5","5","0","0",,"0","002","-","N",,0,0,,,0,,,,"Y",2,"A","-",21754,,"N","A","H","-","A","D","0","Y","A","01",0,0,3,0,0,0,0,0,0,"-","-","ELK GROVE","SACRAMENTO","CA",0,0
"6596472",0,0,2014,"3450","0","5","3","08",0,1,"A",,"Y",,,,1500,8,"A","G","A","MOSAIC WY","MOSAIC WY 10057",0,,"N","2014-09-17",340,"2014-08-15",1459,"10068","4301","5","5","0","0",,"0","004","-","N",,0,0,,,0,,,,"N",2,"A","-",22107,,"N","A","H","-","A","D","0","Y","A","01",0,1,0,0,0,0,1,0,0,"-","-","ELK GROVE","SACRAMENTO","CA",0,0
"6596468",-121.4108408,38.4224102,2014,"3450","0","3","4","03",0,2,"A",,,,,"Y",1500,8,"C","C","A","LAGUNA BL","TRENHOLM DR",528,"E","N","2014-09-17",340,"2014-08-13",1457,"10464","2401","5","5","0","0",,"0","002","-","N",,0,0,,,0,,,,"N",4,"A","-",22350,,"M","A","H","-","A","A","0","Y","A","01",0,0,2,0,0,0,0,0,0,"-","-","ELK GROVE","SACRAMENTO","CA",0,0
"6596461",-121.3717045,38.4286355,2014,"3450","0","5","4","03",0,2,"A",,,,,,2100,8,"C","C","A","ELK GROVE FLORIN RD","CAMPBELL RD",120,"S","N","2014-09-05",340,"2014-08-08",1838,"10527","3404","5","5","0","0",,"0","003","-","N",,0,0,,,0,,,,"N",2,"A","-",22350,,"N","A","H","-","A","D","0","Y","D","22",0,0,2,0,0,0,0,0,0,"-","-","ELK GROVE","SACRAMENTO","CA",0,0
"6596397",-121.4265011,38.4961131,2014,"3400","4","4","4","03",0,1,"A",,,,,,1800,8,"C","C","A","FLORIN RD","LINDALE DR",75,"E","N","2014-09-06",9252,"2014-08-07",1745,"018424",,"2","9","0","2",,"2","073","-","N",,0,0,,,0,,,,"Y",4,"A","-",22350,,"N","A","H","-","A","D","0","Y","A","01",0,0,1,0,0,0,0,0,0,"-","-","UNINCORPORATED","SACRAMENTO","CA",-121.42615,38.49614
"6596326",-121.4188884,38.4741585,2014,"3400","5","2","4","08",0,1,"A",,"Y",,"Y",,1500,7,"B","G","A","STOCKTON BL","ELSIE AV",80,"S","N","2014-09-24",9252,"2014-07-01",1340,"014699",,"1","9","0","3",,"2","070","-","N",,0,0,,,0,,,,"N",2,"A","-",22107,,"F","A","H","-","A","A","0","Y","G","26",0,0,1,0,0,0,1,0,0,"-","-","UNINCORPORATED","SACRAMENTO","CA",-121.4183,38.4734
"6596104",-121.3787068,38.5587149,2014,"3400","4","2","3","03",0,1,"A",,,"Y",,,1800,8,"C","C","A","WATT AV","RT 50",20,"S","N","2016-05-06",9260,"2014-08-19",1555,"13560",,"2","9","0","2",,"2","101","-","Y","SAC",3,50,"-","R",5.365,"R","4","E","N",2,"A","-",22350,,"N","A","D","-","A","A","1","Y","C","02",0,1,0,0,0,0,0,0,1,"-","-","UNINCORPORATED","SACRAMENTO","CA",-121,38
"6596100",-121.2168616,38.6308882,2014,"3401","2","2","4","03",0,1,"A",,,,,,1800,8,"C","C","A","RT 50","HAZEL AV",440,"E","N","2016-05-11",9260,"2014-08-12",1600,"12316",,"2","5","0","1",,"2","502","-","Y","SAC",3,50,"-","-",15.84,"H","-","E","Y",6,"A","-",22350,,"N","A","H","-","A","D","1","Y","A","01",0,0,1,0,0,0,0,0,0,"-","-","FOLSOM","SACRAMENTO","CA",-121.21548,38.63131
"6596096",-121.2621731,38.6602651,2014,"3400","4","3","3","05",0,1,"A",,"Y",,,,1200,8,"D","G","A","FAIR OAKS BL","KAULA DR",0,,"Y","2014-09-10",9260,"2014-08-13",1040,"18276",,"1","9","0","2",,"2","305","-","N",,0,0,,,0,,,,"N",2,"A","-",21650,"1","N","A","H","-","A","D","0","Y","L","04",0,1,0,0,0,0,1,0,0,"-","-","UNINCORPORATED","SACRAMENTO","CA",0,0
"6595799",-121.4757831,38.554825,2014,"3404","0","2","4","12",0,2,"A",,,,,,1200,8,"D","C","A","FRANKLIN BL","2ND AV",0,,"Y","2014-09-08",3404,"2014-08-12",956,"8105",,"5","7","0","0",,"0",,"-","N",,0,0,,,0,,,,"Y",2,"A","-",21453,"A","N","A","H","-","A","A","0","Y","A","01",0,0,2,0,0,0,0,0,0,"-","-","SACRAMENTO","SACRAMENTO","CA",0,0
"6595795",-121.4946386,38.5633523,2014,"3404","0","2","3","03",0,1,"A",,,"Y",,,1500,8,"F","I","A","14TH ST","X ST",24,"S","N","2014-09-08",3404,"2014-08-12",1209,"8105",,"5","7","0","0",,"0",,"-","N",,0,0,,,0,,,,"N",1,"A","-",22350,,"N","A","H","-","A","D","0","Y","C","03",0,1,0,0,0,0,0,0,1,"-","-","SACRAMENTO","SACRAMENTO","CA",0,0
"6595783",-121.4757831,38.541105,2014,"3404","0","7","4","12",0,2,"A",,,,,,1800,8,"D","C","A","FRANKLIN BL","12TH AV",0,,"Y","2014-09-09",3404,"2014-08-10",1617,"0218",,"5","7","0","0",,"0","04A","-","N",,0,0,,,0,,,,"Y",3,"A","-",21453,"A","N","A","H","-","A","A","0","Y","A","07",0,0,2,0,0,0,0,0,0,"-","-","SACRAMENTO","SACRAMENTO","CA",0,0
"6595559",-121.471693,38.564705,2014,"3404","0","1","4","-",0,1,"A",,"Y",,,,2400,7,"H","G","A","R ST","29TH ST",0,,"Y","2014-08-29",3404,"2014-07-28",2312,"0216","3","5","7","0","0",,"0","03B","-","N",,0,0,,,0,,,,"N",2,"A","-",0,,"N","A","H","-","C","D","0","Y","L","04",0,0,1,0,0,0,1,0,0,"-","-","SACRAMENTO","SACRAMENTO","CA",0,0
"6595551",-121.4893931,38.5828651,2014,"3404","0","6","4","17",0,2,"A",,,,,,1500,7,"D","C","A","12TH ST","G ST",0,,"Y","2014-09-05",3404,"2014-07-26",1303,"MCALLAGE","3","5","7","0","0",,"0","00A","-","N",,0,0,,,0,,,,"Y",2,"A","-",21657,,"N","A","H","-","A","A","0","Y","A","01",0,0,2,0,0,0,0,0,0,"-","-","SACRAMENTO","SACRAMENTO","CA",0,0
"6595468",0,0,2014,"3450","0","5","4","01",0,2,"A",,,,,"Y",1800,8,"C","C","A","BRUCEVILLE RD","BOA NOVA DR",12,"S","N","2014-09-05",340,"2014-08-08",1747,"10527","4404","5","5","0","0",,"0","004","-","N",,0,0,,,0,,,,"Y",2,"A","-",23152,"A","N","A","H","-","A","D","0","Y","A","07",0,0,2,0,0,0,0,0,0,"-","-","ELK GROVE","SACRAMENTO","CA",0,0
"6595117",0,0,2014,"3404","0","1","4","12",0,1,"A",,,,,"Y",1500,8,"B","C","A","BROADWATER DR","KOKOMO DR",78,"E","N","2015-05-12",3404,"2014-08-04",1210,"8163","1","5","7","0","0",,"0","00A","-","N",,0,0,,,0,,,,"Y",2,"A","-",22450,"A","N","A","H","-","A","A","0","Y","A","01",0,0,1,0,0,0,0,0,0,"-","-","SACRAMENTO","SACRAMENTO","CA",0,0
"6595109",-121.440973,38.521455,2014,"3404","0","1","2","-",0,4,"B",,,,,,1500,8,"D","C","A","STOCKTON BL","JANSEN DR",0,,"Y","2015-05-12",3404,"2014-08-04",1324,"402","6","5","7","0","0",,"0","00B","-","N",,0,0,,,0,,,,"Y",2,"A","-",0,,"N","B","H","-","A","A","0","Y","A","08",1,1,2,0,0,0,0,0,0,"-","-","SACRAMENTO","SACRAMENTO","CA",0,0
"6595105",-121.5023731,38.5667251,2014,"3404","0","1","3","09",0,6,"A",,,,,,1500,8,"D","C","A","W ST","8TH ST",0,,"Y","2015-05-04",3404,"2014-08-11",1315,"826","SACRA","5","7","0","0",,"0",,"-","N",,0,0,,,0,,,,"Y",2,"A","-",21802,"A","N","A","-","-","A","D","0","Y","-",,0,1,5,0,0,0,0,0,0,"-","-","SACRAMENTO","SACRAMENTO","CA",0,0
"6594939",-121.4950131,38.531555,2014,"3404","0","3","4","03",0,2,"A",,,,,,1800,8,"C","C","A","FREEPORT BL","WENTWORTH AV",0,,"Y","2014-09-09",3404,"2014-08-20",1607,"623","P4","5","7","0","0",,"0","04B","-","N",,0,0,,,0,,,,"N",2,"A","-",22350,,"F","A","H","-","A","A","0","Y","-",,0,0,2,0,0,0,0,0,0,"-","-","SACRAMENTO","SACRAMENTO","CA",0,0
"6594445",-121.4803606,38.4829917,2014,"3404","0","5","4","08",0,3,"A",,,,,,1500,8,"D","C","A","24TH ST","NEDRA CT",108,"N","N","2014-09-24",3404,"2014-08-22",1443,"8108","P5","5","7","0","0",,"0","05A","-","N",,0,0,,,0,,,,"N",2,"A","-",22103,,"N","A","H","-","A","D","0","Y","A","01",0,0,3,0,0,0,0,0,0,"-","-","SACRAMENTO","SACRAMENTO","CA",0,0
"6594441",-121.4798231,38.6294051,2014,"3404","0","3","4","12",0,1,"A",,,,,,1800,8,"D","C","A","SAN JUAN RD","BINGHAMTON",0,,"Y","2014-09-05",3404,"2014-08-13",1720,"920",,"5","7","0","0",,"0","P1/1C","-","N",,0,0,,,0,,,,"Y",2,"A","-",21453,"A","N","A","H","-","A","A","0","Y","D","22",0,0,1,0,0,0,0,0,0,"-","-","SACRAMENTO","SACRAMENTO","CA",0,0
"6594256",-121.4456956,38.4959701,2014,"3404","3","3","4","08",0,2,"A",,,,,,1200,7,"B","C","A","RT 99","FLORIN RD",13,"S","N","2016-05-04",9252,"2014-07-23",955,"15006",,"1","7","0","1",,"2","192","-","Y","SAC",3,99,"-","-",19.6,"H","-","N","Y",2,"A","-",22107,,"N","A","H","-","A","D","1","Y","A","01",0,0,2,0,0,0,0,0,0,"-","-","SACRAMENTO","SACRAMENTO","CA",-121.525,38.577
"6592878",-121.2549945,38.6642389,2014,"3400","4","7","3","01",0,2,"A",,,,,"Y",2100,8,"C","C","A","MADISON AV","MCKAY ST",275,"W","N","2014-09-04",9260,"2014-08-10",1911,"018713",,"2","9","0","2",,"2","304","-","N",,0,0,,,0,,,,"Y",2,"A","-",23152,"A","N","A","H","-","A","D","0","Y","A","07",0,2,0,0,0,0,0,0,0,"-","-","UNINCORPORATED","SACRAMENTO","CA",-121.25488,38.66423
"6592874",-121.3349531,38.5290051,2014,"3400","3","6","4","00",0,1,"A",,,,,,900,8,"D","C","A","JACKSON RD","BRADSHAW RD",0,,"Y","2016-05-06",9260,"2014-08-16",635,"018456",,"1","9","0","1",,"2","116","-","Y","SAC",3,16,"-","-",6.22,"I","5","W","Y",2,"D","-",0,,"N","A","H","-","A","A","0","Y","-","-",0,0,1,0,0,0,0,0,0,"-","-","UNINCORPORATED","SACRAMENTO","CA",0,0
"6592816",-121.3351294,38.5290505,2014,"3400","3","1","3","03",0,3,"A",,,,,,1800,8,"D","C","A","JACKSON RD","BRADSHAW RD",60,"W","N","2016-05-06",9260,"2014-08-11",1630,"018456",,"2","9","0","1",,"2","116","-","Y","SAC",3,16,"-","-",6.21,"H","-","W","N",3,"A","-",22350,,"N","A","H","-","A","D","0","Y","A","08",0,1,2,0,0,0,0,0,0,"-","-","UNINCORPORATED","SACRAMENTO","CA",0,0
"6592637",-121.4755452,38.6089258,2014,"3404","0","4","4","09",0,1,"A",,,,,,1200,8,"D","C","A","NORTHGATE BL","HARDING AV",135,"N","N","2014-09-05",3404,"2014-08-07",1147,"617",,"5","7","0","0",,"0","01C","-","N",,0,0,,,0,,,,"Y",2,"A","-",21804,,"N","A","H","-","A","D","0","Y","A","01",0,0,1,0,0,0,0,0,0,"-","-","SACRAMENTO","SACRAMENTO","CA",0,0
"6592629",-121.471793,38.524935,2014,"3404","0","6","4","01",0,1,"A",,,,,"Y",1200,8,"B","C","A","FRUITRIDGE RD","FRANKLIN BL",0,,"Y","2014-09-11",3404,"2014-08-09",1138,"8129",,"5","7","0","0",,"0","04B","-","N",,0,0,,,0,,,,"Y",2,"A","-",23152,"A","N","A","H","-","A","A","0","Y","A","01",0,0,1,0,0,0,0,0,0,"-","-","SACRAMENTO","SACRAMENTO","CA",0,0
"6592621",-121.4889975,38.5504932,2014,"3404","0","6","4","09",0,1,"A",,"Y",,,,1200,8,"D","G","A","5TH AV","FREEPORT BL",13,"W","N","2014-09-04",3404,"2014-08-09",1039,"8129",,"5","7","0","0",,"0","04A","-","N",,0,0,,,0,,,,"N",2,"A","-",21804,"A","N","A","H","-","A","D","0","Y","L","04",0,0,1,0,0,0,1,0,0,"-","-","SACRAMENTO","SACRAMENTO","CA",0,0
"6592611",-121.0634317,38.4856938,2014,"3400","3","4","3","18",0,1,"A",,,,,,2400,8,"H","H","A","RT 16","IONE RD",500,"W","N","2016-05-06",9260,"2014-08-07",2150,"013664",,"2","9","0","1",,"2","116","-","Y","SAC",3,16,"-","R",21.52,"H","-","E","Y",1,"C","-",0,,"N","A","H","-","E","D","0","Y","-","-",0,1,0,0,0,0,0,0,0,"-","-","UNINCORPORATED","SACRAMENTO","CA",0,0
"6592607",-121.2480203,38.6444996,2014,"3400","5","6","4","08",0,1,"A",,,,,,900,8,"E","I","A","WINDING WY","WILDBRIAR LN",356,"E","N","2014-09-04",9260,"2014-08-09",830,"017084",,"1","9","0","3",,"2","003","-","N",,0,0,,,0,,,,"Y",1,"A","-",22107,,"N","A","H","-","A","A","0","Y","A","01",0,0,1,0,0,0,0,0,0,"-","-","UNINCORPORATED","SACRAMENTO","CA",0,0
"6592595",-121.2861653,38.5916153,2014,"3490","2","2","3","03",0,1,"B",,,,,,1800,8,"C","C","A","RT 50","ZINFANDEL DR",600,"W","N","2016-05-11",9260,"2014-08-05",1700,"012316",,"2","5","0","1",,"2","501","-","Y","SAC",3,50,"-","R",10.81,"H","-","E","Y",2,"A","-",22350,,"N","A","H","-","A","D","1","Y","A","01",0,1,0,0,0,0,0,0,0,"-","-","RANCHO CORDOVA","SACRAMENTO","CA",0,0
"6592558",-121.4220294,38.5509925,2014,"3404","2","7","3","01",0,1,"A",,,,,"Y",1500,8,"E","I","A","RT 50","65TH ST",300,"E","N","2016-05-06",9252,"2014-08-03",1210,"017325",,"1","7","0","1",,"2","151","-","Y","SAC",3,50,"-","R",2.87,"H","-","W","Y",1,"A","-",23152,"A","N","A","H","-","A","D","1","Y","A","01",0,1,0,0,0,0,0,0,0,"-","-","SACRAMENTO","SACRAMENTO","CA",-121.85017,38.75917
"6592554",-121.2422205,38.395069,2014,"3400","5","7","4","01",0,1,"A",,,,,"Y",300,8,"E","I","A","COLONY RD","SHAWN LN",1000,"S","N","2014-09-08",9252,"2014-08-10",235,"018730",,"3","9","0","3",,"2","080","-","N",,0,0,,,0,,,,"Y",1,"A","-",23152,"A","N","A","H","-","D","D","0","Y","A","01",0,0,1,0,0,0,0,0,0,"-","-","UNINCORPORATED","SACRAMENTO","CA",-121.24225,38.39788
"6592550",-121.4175724,38.3722925,2014,"3400","5","5","4","12",0,1,"A",,,,,"Y",2400,8,"E","I","A","BRUCEVILLE RD","KAMMERER RD",10,"N","N","2014-09-26",9252,"2014-08-01",2325,"018937",,"3","9","0","3",,"2","090","-","N",,0,0,,,0,,,,"Y",1,"A","-",22450,"A","N","A","H","-","C","A","0","Y","A","01",0,0,1,0,0,0,0,0,0,"-","-","UNINCORPORATED","SACRAMENTO","CA",-121.4176,38.37232
"6592546",-121.4706006,38.5592661,2014,"3404","2","5","4","03",0,1,"A",,,,,,1800,8,"C","C","A","RT 50","RT 99",50,"W","N","2016-05-06",9252,"2014-08-01",1705,"018723",,"2","7","0","1",,"2","151","-","Y","SAC",3,50,"-","R",0.158,"R","1","W","N",2,"A","-",22350,,"N","A","H","-","A","D","1","Y","A","01",0,0,1,0,0,0,0,0,0,"TO","-","SACRAMENTO","SACRAMENTO","CA",-121.47235,38.55932
"6592525",-121.487523,38.576255,2014,"3404","0","6","3","05",0,1,"A",,"Y",,,,1800,8,"D","G","A","15TH ST","L ST",0,,"Y","2014-09-08",3404,"2014-08-09",1505,"0745","SACRA","5","7","0","0",,"0",,"-","N",,0,0,,,0,,,,"N",2,"A","-",21650,,"N","A","H","-","A","A","0","Y","L","04",0,1,0,0,0,0,1,0,0,"-","-","SACRAMENTO","SACRAMENTO","CA",0,0
"6592485",-121.4297831,38.6365151,2014,"3404","0","1","4","08",0,1,"A",,,,,,1800,8,"A","C","A","GRAND AV","MARYSVILLE BL",0,,"Y","2014-09-08",3404,"2014-08-11",1604,"8178",,"5","7","0","0",,"0","02B","-","N",,0,0,,,0,,,,"Y",2,"A","-",22107,,"N","A","H","-","A","A","0","Y","A","01",0,0,1,0,0,0,0,0,0,"-","-","SACRAMENTO","SACRAMENTO","CA",0,0
"6592475",-121.5124331,38.4852151,2014,"3404","0","1","4","03",0,1,"A",,,,,,1800,8,"C","C","A","POCKET RD","RT 5",0,,"Y","2016-05-03",3404,"2014-08-11",1516,"934","4","5","7","0","0",,"0","00C","-","Y","SAC",3,5,"-","-",16.35,"R","4","S","Y",2,"A","-",22350,,"N","A","H","-","A","A","0","Y","A","01",0,0,1,0,0,0,0,0,0,"-","-","SACRAMENTO","SACRAMENTO","CA",0,0
"6592467",-121.4863068,38.5900877,2014,"3404","0","6","4","03",0,3,"A",,,,,,1800,8,"C","C","A","NORTH 12TH ST","NORTH B ST",180,"S","N","2014-09-04",3404,"2014-08-16",1502,"909","3","5","7","0","0",,"0","00A","-","N",,0,0,,,0,,,,"Y",2,"A","-",22350,,"N","A","D","E","A","A","0","Y","A","07",0,0,3,0,0,0,0,0,0,"-","-","SACRAMENTO","SACRAMENTO","CA",0,0
"6592463",-121.4904896,38.6272644,2014,"3404","0","2","4","03",0,3,"A",,,,,,300,8,"A","I","A","RANCHO SILVA DR","SAN JUAN RD",84,"S","N","2014-09-08",3404,"2014-08-12",223,"526",,"5","7","0","0",,"0",,"-","N",,0,0,,,0,,,,"Y",1,"A","-",22350,,"N","A","H","-","C","D","0","Y","A","01",0,0,3,0,0,0,0,0,0,"-","-","SACRAMENTO","SACRAMENTO","CA",0,0
"6592108",-121.4087531,38.481705,2014,"3400","4","3","2","12",0,1,"A",,"Y",,,"Y",2400,7,"H","G","A","POWER INN RD","GERBER RD",0,,"Y","2014-09-02",9252,"2014-07-30",2250,"017258",,"3","9","0","2",,"2","073","-","N",,0,0,,,0,,,,"Y",2,"A","-",21453,"A","N","A","H","-","D","A","0","Y","L","04",1,0,0,0,0,0,1,0,0,"-","-","UNINCORPORATED","SACRAMENTO","CA",-121.40885,38.48165