"CASEID","POINT_X","POINT_Y","YEAR_","LOCATION","CHPTYPE","DAYWEEK","CRASHSEV","VIOLCAT","KILLED","INJURED","WEATHER1","PEDCOL","BICCOL","MCCOL","TRUCKCOL","ETOH","TIMECAT","MONTH_","CRASHTYP","INVOLVE","PED","PRIMARYRD","SECONDRD","DISTANCE","DIRECT","INTERSECT_","PROCDATE","JURIS","DATE_","TIME_","BADGE","JURIDIST","SHIFT","POP","SPECIAL","BEATTYPE","LAPDDIV","BEATCLAS","BEATNUMB","WEATHER2","STATEHW","CALTRANC","CALTRAND","STROUTE","ROUTESUF","POSTPRE","POSTMILE","LOCATYPE","RAMP","SIDEHW","TOWAWAY","PARTIES","PCF","VIOLCODE","VIOL","VIOLSUB","HITRUN","ROADSURF","RDCOND1","RDCOND2","LIGHTING","RIGHTWAY","CHPRDTYP","NOTPRIV","STFAULT","CHPFAULT","SEVINJ","OTHERINJ","COP","PEDKILL","PEDINJ","BICKILL","BICINJ","MCKILL","MCINJURE","RAMP1","RAMP2","CITY","COUNTY","STATE","X_CHP","Y_CHP"
"6568478",-121.3496295,38.658384,2014,"3400","4","1","4","09",0,1,"A",,,,,,1500,6,"D","C","A","AUBURN BL","COLLEGE OAK DR",400,"N","N","2014-08-06",9250,"2014-06-30",1455,"14845",,"2","9","0","2",,"1","021","-","N",,0,0,,,0,,,,"N",2,"A","-",21804,"A","N","A","H","-","A","A","0","Y","A","01",0,0,1,0,0,0,0,0,0,"-","-","UNINCORPORATED","SACRAMENTO","CA",0,0
"6568474",-121.3644931,38.713345,2014,"3400","5","3","4","12",0,4,"A",,,,,,2100,6,"D","C","A","WALERGA RD","ELVERTA RD",0,,"Y","2014-08-06",9250,"2014-06-11",2005,"16731",,"2","9","0","3",,"2","010","-","N",,0,0,,,0,,,,"Y",3,"A","-",21453,"A","N","A","H","-","B","A","0","Y","A","01",0,0,4,0,0,0,0,0,0,"-","-","UNINCORPORATED","SACRAMENTO","CA",0,0
"6568470",-121.3950317,38.5886651,2014,"3404","5","1","4","09",0,1,"A",,,,,,900,6,"D","C","A","HURLEY WY","TOPAZ WY",9,"E","N","2014-08-06",9250,"2014-06-30",840,"13466",,"1","7","0","3",,"2","040","-","N",,0,0,,,0,,,,"N",2,"A","-",21801,"A","N","A","H","-","A","A","0","Y","A","08",0,0,1,0,0,0,0,0,0,"-","-","SACRAMENTO","SACRAMENTO","CA",0,0
"6568190",-121.330183,38.620805,2014,"3400","5","4","2","08",0,1,"A",,,"Y",,,1800,6,"D","C","A","ROBERTSON AV","STANTON CIR",0,,"Y","2015-04-07",9250,"2014-06-26",1555,"15342",,"2","9","0","3",,"2","050","-","N",,0,0,,,0,,,,"Y",2,"A","-",22100,"B","N","A","H","-","A","D","0","Y","A","07",1,0,0,0,0,0,0,0,1,"-","-","UNINCORPORATED","SACRAMENTO","CA",-121.33015,38.62082
"6568077",-121.3548229,38.660903,2014,"3400","4","5","4","21",0,1,"A",,,,,,1500,7,"C","C","A","MADISON AV","DATE AV",100,"E","N","2014-08-25",9250,"2014-07-04",1415,"17752",,"2","9","0","2",,"1","024","-","N",,0,0,,,0,,,,"N",2,"A","-",22106,,"N","A","H","-","-","A","0","Y","A","07",0,0,1,0,0,0,0,0,0,"-","-","UNINCORPORATED","SACRAMENTO","CA",0,0
"6568073",-121.4511932,38.714505,2014,"3400","4","6","4","12",0,2,"A",,,,,,1200,7,"D","C","A","ELVERTA RD","EL VERANO AV",0,,"Y","2014-08-25",9250,"2014-07-12",905,"16957",,"1","9","0","2",,"1","062","-","N",,0,0,,,0,,,,"Y",2,"A","-",22450,"A","N","A","H","-","A","A","0","Y","A","01",0,0,2,0,0,0,0,0,0,"-","-","UNINCORPORATED","SACRAMENTO","CA",0,0
"6568069",-121.3542431,38.7037645,2014,"3400","4","5","4","09",0,1,"A",,,,,,2100,7,"C","C","A","ANTELOPE RD","ESTEEM DR",20,"E","N","2014-08-25",9250,"2014-07-11",1810,"17818",,"2","9","0","2",,"1","012","-","N",,0,0,,,0,,,,"Y",2,"A","-",21802,"A","N","A","H","-","A","A","0","Y","A","01",0,0,1,0,0,0,0,0,0,"-","-","UNINCORPORATED","SACRAMENTO","CA",0,0
"6568065",-121.3641903,38.7039151,2014,"3400","4","5","2","11",0,1,"A","Y",,,,,2400,7,"G","B","D","ANTELOPE RD","WALERGA RD",75,"E","N","2014-08-25",9250,"2014-07-04",2315,"12773",,"3","9","0","2",,"1","012","-","N",,0,0,,,0,,,,"N",2,"A","-",21954,"A","N","A","H","-","C","D","0","Y","N","60",1,0,0,0,1,0,0,0,0,"-","-","UNINCORPORATED","SACRAMENTO","CA",0,0
"6568061",-121.3644531,38.7039151,2014,"3400","4","5","3","11",0,1,"A","Y",,,,,1500,7,"G","B","B","WALERGA RD","ANTELOPE RD",0,,"Y","2014-08-25",9250,"2014-07-04",1218,"17306",,"1","9","0","2",,"1","013","-","N",,0,0,,,0,,,,"Y",2,"A","-",21456,"B","N","A","H","-","A","A","0","Y","N","60",0,1,0,0,1,0,0,0,0,"-","-","UNINCORPORATED","SACRAMENTO","CA",0,0
"6568057",-121.3300637,38.7028829,2014,"3400","5","5","2","08",0,1,"A",,,"Y",,,300,7,"E","I","A","ANTELOPE RD","ROSEVILLE RD",525,"E","N","2014-08-25",9250,"2014-07-04",220,"17734",,"3","9","0","3",,"2","010","-","N",,0,0,,,0,,,,"Y",1,"A","-",22107,,"N","A","H","-","C","D","0","Y","C","02",1,0,0,0,0,0,0,0,1,"-","-","UNINCORPORATED","SACRAMENTO","CA",0,0
"6568053",0,0,2014,"3400","5","5","4","01",0,1,"A",,,,,,600,7,"E","I","A","ORANGE GROVE AV","PALOMINO LN",555,"W","N","2014-08-26",9250,"2014-07-04",355,"17734",,"3","9","0","3",,"2","010","-","N",,0,0,,,0,,,,"N",1,"A","-",23152,"A","N","A","H","-","C","D","0","Y","A","01",0,0,1,0,0,0,0,0,0,"-","-","UNINCORPORATED","SACRAMENTO","CA",0,0
"6568049",-121.5823255,38.7143057,2014,"3400","5","3","3","08",0,1,"A",,,,,,2400,7,"E","I","A","W ELVERTA RD","POWER LINE RD",1584,"W","N","2014-08-26",9250,"2014-07-02",2320,"18785",,"3","9","0","3",,"2","090","-","N",,0,0,,,0,,,,"Y",1,"A","-",22107,,"N","A","H","-","D","D","0","Y","A","01",0,1,0,0,0,0,0,0,0,"-","-","UNINCORPORATED","SACRAMENTO","CA",0,0
"6568045",-121.3829432,38.62008,2014,"3400","4","4","4","04",0,3,"A",,,,,,1500,7,"C","C","A","WATT AV","GREENVIEW LN",20,"N","N","2014-08-25",9250,"2014-07-03",1400,"17900",,"2","9","0","2",,"1","041","-","N",,0,0,,,0,,,,"N",2,"A","-",21703,,"N","A","H","-","A","D","0","Y","A","01",0,0,3,0,0,0,0,0,0,"-","-","UNINCORPORATED","SACRAMENTO","CA",0,0
"6568041",-121.3320632,38.6607733,2014,"3400","5","3","3","10",0,1,"A","Y",,,,,1200,7,"G","B","B","HACKBERRY LN","MADISON AV",3,"N","N","2014-08-25",9250,"2014-07-02",940,"15838",,"1","9","0","3",,"2","020","-","N",,0,0,,,0,,,,"N",2,"A","-",21950,"A","N","A","H","-","A","A","0","Y","A","01",0,1,0,0,1,0,0,0,0,"-","-","UNINCORPORATED","SACRAMENTO","CA",0,0
"6568037",-121.3829831,38.678975,2014,"3400","4","4","2","08",0,1,"A",,,"Y",,,1500,7,"F","A","A","WATT AV","DON JULIO BL",0,,"Y","2014-08-25",9250,"2014-07-03",1447,"17818",,"2","9","0","2",,"1","011","-","N",,0,0,,,0,,,,"N",1,"A","-",22107,,"N","A","H","-","A","A","0","Y","C","02",1,0,0,0,0,0,0,0,1,"-","-","UNINCORPORATED","SACRAMENTO","CA",0,0
"6568033",-121.3555232,38.6609148,2014,"3400","4","3","4","03",0,1,"A",,,,,,1500,7,"C","C","A","MADISON AV","DATE AV",100,"W","N","2014-08-25",9250,"2014-07-02",1340,"15423",,"1","9","0","2",,"1","024","-","N",,0,0,,,0,,,,"Y",2,"A","-",22350,,"N","A","H","-","A","D","0","Y","A","07",0,0,1,0,0,0,0,0,0,"-","-","UNINCORPORATED","SACRAMENTO","CA",0,0
"6568030",-121.4509685,38.6413442,2014,"3404","1","4","3","07",0,1,"A",,,,,,1500,7,"B","C","A","RT 80","NORWOOD AV",1056,"E","N","2016-05-03",9250,"2014-07-03",1345,"16434",,"1","7","0","1",,"2","181","-","Y","SAC",3,80,"-","M",6.38,"H","-","W","Y",2,"A","-",21658,"A","N","A","H","-","A","D","1","Y","A","01",0,1,0,0,0,0,0,0,0,"-","-","SACRAMENTO","SACRAMENTO","CA",0,0
"6568029",-121.3459433,38.7037163,2014,"3400","5","3","4","08",0,1,"A",,,,,,1500,7,"A","C","A","DON JULIO BL","ANTELOPE RD",15,"N","N","2014-08-25",9250,"2014-07-02",1225,"15423",,"1","9","0","3",,"2","010","-","N",,0,0,,,0,,,,"N",2,"A","-",22107,,"N","A","H","-","A","A","0","Y","A","01",0,0,1,0,0,0,0,0,0,"-","-","UNINCORPORATED","SACRAMENTO","CA",0,0
"6568026",-121.3544116,38.6660888,2014,"3400","1","3","3","01",0,1,"A",,,,,"Y",2400,7,"A","I","A","RT 80","MADISON AV",1584,"E","N","2016-04-25",9250,"2014-07-09",2231,"18785",,"3","9","0","1",,"2","184","-","Y","SAC",3,80,"-","-",12.84,"H","-","E","Y",1,"A","-",23152,,"N","A","H","-","C","D","1","Y","A","01",0,1,0,0,0,0,0,0,0,"-","-","UNINCORPORATED","SACRAMENTO","CA",0,0
"6568025",-121.3831681,38.6104663,2014,"3400","4","3","4","03",0,1,"A",,,,,"Y",300,7,"C","C","A","EL CAMINO AV","WATT AV",30,"W","N","2014-08-25",9250,"2014-07-09",59,"17397",,"3","9","0","2",,"1","044","-","N",,0,0,,,0,,,,"Y",2,"A","-",22350,,"F","A","H","-","C","A","0","Y","A","01",0,0,1,0,0,0,0,0,0,"-","-","UNINCORPORATED","SACRAMENTO","CA",0,0
"6568022",-121.4449315,38.5934614,2014,"3400","3","5","4","03",0,6,"A",,,,,,2400,7,"C","C","A","RT 51","EXPOSITION BL",1584,"S","N","2016-05-04",9250,"2014-07-04",2216,"17999",,"3","9","0","1",,"2","152","-","Y","SAC",3,51,"-","-",3.1,"H","-","S","Y",5,"A","-",22350,,"N","A","H","-","C","D","1","Y","A","01",0,0,6,0,0,0,0,0,0,"-","-","UNINCORPORATED","SACRAMENTO","CA",0,0
"6568021",-121.3252729,38.6608625,2014,"3400","5","4","3","01",0,1,"A",,,,,"Y",2100,7,"D","C","A","SCHUYLER DR","MADISON AV",20,"S","N","2014-08-25",9250,"2014-07-10",1800,"17752",,"2","9","0","3",,"2","020","-","N",,0,0,,,0,,,,"Y",2,"A","-",23152,"A","N","A","H","-","A","A","0","Y","A","07",0,1,0,0,0,0,0,0,0,"-","-","UNINCORPORATED","SACRAMENTO","CA",0,0
"6568018",-121.4615131,38.6840151,2014,"3400","4","5","4","01",0,1,"A",,,,,"Y",2400,7,"D","C","A","2ND ST","ELKHORN BL",0,,"Y","2014-08-25",9250,"2014-07-04",2208,"17397",,"3","9","0","2",,"1","064","-","N",,0,0,,,0,,,,"Y",2,"A","-",23152,"A","N","A","H","-","D","D","0","Y","A","07",0,0,1,0,0,0,0,0,0,"-","-","UNINCORPORATED","SACRAMENTO","CA",0,0
"6568017",-121.4014732,38.6108124,2014,"3400","4","2","4","21",0,1,"A",,,,,,1500,7,"C","C","A","FULTON AV","EL CAMINO AV",50,"N","N","2014-08-25",9250,"2014-07-01",1210,"17383",,"1","9","0","2",,"1","043","-","N",,0,0,,,0,,,,"N",2,"A","-",22106,,"N","A","H","-","A","A","0","Y","A","01",0,0,1,0,0,0,0,0,0,"-","-","UNINCORPORATED","SACRAMENTO","CA",0,0
"6568010",-121.3277439,38.6479276,2014,"3400","4","3","4","08",0,1,"A",,,"Y",,,2100,7,"D","C","A","MANZANITA AV","WINDMILL WY",10,"S","N","2014-08-25",9250,"2014-07-09",1810,"15866",,"2","9","0","2",,"1","055","-","N",,0,0,,,0,,,,"Y",2,"A","-",22100,"A","N","A","H","-","A","D","0","Y","A","01",0,0,1,0,0,0,0,0,1,"-","-","UNINCORPORATED","SACRAMENTO","CA",0,0
"6568002",-121.3829355,38.6908139,2014,"3400","4","4","3","03",0,2,"A",,,,,,1800,7,"E","I","A","WATT AV","ELKHORN BL",200,"N","N","2014-08-26",9250,"2014-07-03",1615,"18014",,"2","9","0","2",,"1","011","-","N",,0,0,,,0,,,,"Y",2,"A","-",22350,,"F","A","H","-","A","A","0","Y","A","07",0,1,1,0,0,0,0,0,0,"-","-","UNINCORPORATED","SACRAMENTO","CA",0,0
"6567760",0,0,2014,"3450","0","7","4","03",0,1,"B",,,,,,1500,7,"C","C","A","BRUCEVILLE RD","TERRAZZO DR",284,"W","N","2014-08-22",340,"2014-07-20",1231,"10069","4204","5","5","0","0",,"0","004","-","N",,0,0,,,0,,,,"Y",2,"A","-",22350,,"N","A","H","-","A","D","0","Y","A","01",0,0,1,0,0,0,0,0,0,"-","-","ELK GROVE","SACRAMENTO","CA",0,0
"6567756",-121.4598431,38.408185,2014,"3450","0","4","4","01",0,1,"A",,,,,,900,7,"D","C","A","ELK GROVE BL","FOUR WINDS DR",0,,"Y","2014-08-22",340,"2014-07-17",642,"10068","1208","5","5","0","0",,"0","001","-","N",,0,0,,,0,,,,"N",2,"A","-",23152,"E","N","A","H","-","A","A","0","Y","A","01",0,0,1,0,0,0,0,0,0,"-","-","ELK GROVE","SACRAMENTO","CA",0,0
"6567752",0,0,2014,"3450","0","5","3","01",0,1,"A",,,,,"Y",600,7,"B","C","A","BRADSHAW RD","SCHOOL LOOP",130,"S","N","2014-08-22",340,"2014-07-11",425,"10413","5205","5","5","0","0",,"0","005","-","N",,0,0,,,0,,,,"Y",2,"A","-",23152,"A","N","A","H","-","C","D","0","Y","A","01",0,1,0,0,0,0,0,0,0,"-","-","ELK GROVE","SACRAMENTO","CA",0,0
"6567748",0,0,2014,"3450","0","3","4","12",0,1,"A",,,,,,1800,7,"C","C","A","BRUCEVILLE RD","WHITELOCK PKWY",50,"N","N","2014-08-22",340,"2014-07-16",1542,"10006","4302","5","5","0","0",,"0","004","-","N",,0,0,,,0,,,,"N",2,"A","-",22450,"A","N","A","H","-","A","A","0","Y","A","01",0,0,1,0,0,0,0,0,0,"-","-","ELK GROVE","SACRAMENTO","CA",0,0
"6567744",-121.3955226,38.4090631,2014,"3450","0","3","3","03",0,3,"A",,,,,,1800,7,"C","C","A","ELK GROVE BL","LAGUNA SPRINGS DR",46,"E","N","2014-08-22",340,"2014-07-16",1616,"10527","4203","5","5","0","0",,"0","004","-","N",,0,0,,,0,,,,"Y",4,"A","-",22350,,"N","A","H","-","A","A","0","Y","A","01",0,1,2,0,0,0,0,0,0,"-","-","ELK GROVE","SACRAMENTO","CA",0,0
"6567740",-121.464043,38.405025,2014,"3450","0","1","4","09",0,2,"A",,,,,,2400,7,"D","C","A","ELK GROVE BL","SHORELAKE DR",0,,"Y","2014-08-22",340,"2014-07-07",2121,"10054","1208","5","5","0","0",,"0","001","-","N",,0,0,,,0,,,,"Y",2,"A","-",21453,"C","N","A","H","-","C","A","0","Y","A","01",0,0,2,0,0,0,0,0,0,"-","-","ELK GROVE","SACRAMENTO","CA",0,0
"6567473",-121.3081287,38.2494324,2014,"3402","0","7","4","11",0,1,"A","Y",,,,"Y",300,6,"G","B","E","E ST","2ND ST",113,"W","N","2014-07-26",3402,"2014-06-01",100,"86","6","5","3","0","0",,"0","001","-","N",,0,0,,,0,,,,"N",2,"A","-",21954,"A","N","A","H","-","C","D","0","Y","A","01",0,0,1,0,1,0,0,0,0,"-","-","GALT","SACRAMENTO","CA",0,0
"6567472",-121.3833865,38.6415291,2014,"3404","0","6","2","03",0,1,"A",,"Y",,,,2100,6,"H","I","A","WATT AV","LONGVIEW DR",250,"S","N","2014-07-26",3404,"2014-06-21",1910,"10000",,"5","7","0","0",,"0",,"-","N",,0,0,,,0,,,,"N",1,"A","-",22350,,"N","A","H","-","A","D","0","Y","L","04",1,0,0,0,0,0,1,0,0,"-","-","SACRAMENTO","SACRAMENTO","CA",0,0
"6567123",-121.5070532,38.6304891,2014,"3404","1","1","3","08",0,1,"A",,,,,,1800,6,"C","E","A","RT 80","TRUXEL RD",2000,"W","N","2016-03-02",9250,"2014-06-16",1650,"14142",,"2","7","0","1",,"2","181","-","Y","SAC",3,80,"-","M",3.26,"H","-","W","Y",1,"A","-",22107,,"N","A","D","-","A","D","1","Y","A","01",0,1,0,0,0,0,0,0,0,"-","-","SACRAMENTO","SACRAMENTO","CA",0,0
"6567099",-121.485503,38.5671251,2014,"3404","0","2","4","08",0,2,"A",,,,,,2100,7,"A","C","A","S ST","19TH ST",0,,"Y","2014-08-28",3404,"2014-07-22",1850,"0300","3","5","7","0","0",,"0","03B","-","N",,0,0,,,0,,,,"Y",2,"A","-",22107,,"N","A","H","-","A","A","0","Y","A","01",0,0,2,0,0,0,0,0,0,"-","-","SACRAMENTO","SACRAMENTO","CA",0,0
"6567095",-121.4817351,38.577203,2014,"3404","0","6","3","11",0,1,"A","Y",,,,,300,7,"G","B","D","J ST","19TH ST",152,"W","N","2014-08-28",3404,"2014-07-19",158,"416","3B","5","7","0","0",,"0",,"-","N",,0,0,,,0,,,,"N",2,"A","-",21955,,"N","A","H","-","C","D","0","Y","N","60",0,1,0,0,1,0,0,0,0,"-","-","SACRAMENTO","SACRAMENTO","CA",0,0
"6567042",-121.4468631,38.597865,2014,"3404","0","1","4","03",0,1,"A",,,,,,1800,7,"C","C","A","EXPOSITION BL","TRIBUTE RD",0,,"Y","2014-08-28",3404,"2014-07-21",1540,"0624","2C","5","7","0","0",,"0",,"B","N",,0,0,,,0,,,,"Y",2,"A","-",22350,,"N","A","H","-","A","A","0","Y","A","01",0,0,1,0,0,0,0,0,0,"-","-","SACRAMENTO","SACRAMENTO","CA",0,0
"6566424",-121.4671531,38.568345,2014,"3404","0","5","4","09",0,1,"A",,,,,,1500,7,"A","C","A","ALHAMBRA BL","N ST",0,,"Y","2014-08-27",3404,"2014-07-11",1418,"0820","SACRA","5","7","0","0",,"0","06D","-","N",,0,0,,,0,,,,"Y",4,"A","-",21801,"A","F","A","H","-","A","A","0","Y","A","01",0,0,1,0,0,0,0,0,0,"-","-","SACRAMENTO","SACRAMENTO","CA",0,0
"6566412",-121.4887331,38.580275,2014,"3404","0","1","3","12",0,1,"A",,,"Y",,,1500,7,"D","C","A","I ST","13TH ST",0,,"Y","2014-08-27",3404,"2014-07-07",1413,"0847","3M","5","7","0","0",,"0","03M","-","N",,0,0,,,0,,,,"N",2,"A","-",21453,"A","F","A","H","-","A","A","0","Y","A","01",0,1,0,0,0,0,0,0,1,"-","-","SACRAMENTO","SACRAMENTO","CA",0,0
"6566404",-121.4299695,38.6473845,2014,"3404","0","3","4","06",0,1,"A",,,,,,1500,7,"C","C","A","BELL AV","RALEY BL",216,"W","N","2014-09-04",3404,"2014-07-09",1410,"8163","2","5","7","0","0",,"0","00A","-","N",,0,0,,,0,,,,"N",2,"A","-",21754,,"N","A","H","-","A","D","0","Y","A","08",0,0,1,0,0,0,0,0,0,"-","-","SACRAMENTO","SACRAMENTO","CA",0,0
"6566397",-121.4176831,38.457695,2014,"3404","0","7","4","00",0,1,"A",,,,,,300,7,"D","C","A","BRUCEVILLE RD","COSUMNES RIVER COLLEGE BL",0,,"Y","2014-08-25",3404,"2014-07-13",142,"0916","5","5","7","0","0",,"0","00C","-","N",,0,0,,,0,,,,"Y",2,"D","-",0,,"N","A","H","-","C","A","0","Y","-","-",0,0,1,0,0,0,0,0,0,"-","-","SACRAMENTO","SACRAMENTO","CA",0,0
"6566393",-121.498523,38.563215,2014,"3404","0","6","3","21",0,1,"A",,,,,,1500,7,"D","D","A","RIVERSIDE BL","BROADWAY",0,,"Y","2014-08-25",3404,"2014-07-19",1221,"0240","4","5","7","0","0",,"0","00A","-","N",,0,0,,,0,,,,"N",2,"A","-",22106,,"N","A","H","-","A","A","0","Y","A","07",0,1,0,0,0,0,0,0,0,"-","-","SACRAMENTO","SACRAMENTO","CA",0,0
"6566389",-121.4340116,38.6047221,2014,"3404","0","2","3","03",0,1,"A",,,"Y",,,2100,7,"C","C","A","ARDEN WY","RT 80",0,,"Y","2016-04-25",3404,"2014-07-15",1914,"109","2","5","7","0","0",,"0","00C","-","Y","SAC",3,51,"-","-",4.133,"R","4","S","Y",2,"A","-",22350,,"N","A","H","-","A","A","0","Y","C","02",0,1,0,0,0,0,0,0,1,"-","-","SACRAMENTO","SACRAMENTO","CA",0,0
"6566385",-121.470543,38.533625,2014,"3404","0","3","4","09",0,1,"A",,,,,,900,7,"D","C","A","21ST AV","34TH ST",0,,"Y","2014-08-25",3404,"2014-07-09",854,"153",,"5","7","0","0",,"0",,"-","N",,0,0,,,0,,,,"N",2,"A","-",21801,,"N","A","H","-","A","A","0","Y","A","01",0,0,1,0,0,0,0,0,0,"-","-","SACRAMENTO","SACRAMENTO","CA",0,0
"6566381",-121.4213347,38.6110851,2014,"3404","0","4","4","09",0,4,"A",,,,,,2100,7,"D","C","A","EL CAMINO AV","CONNIE DR",9,"W","N","2014-08-25",3404,"2014-07-17",1804,"931","2","5","7","0","0",,"0","00C","-","N",,0,0,,,0,,,,"Y",2,"A","-",21801,,"N","A","H","-","A","D","0","Y","A","01",0,0,4,0,0,0,0,0,0,"-","-","SACRAMENTO","SACRAMENTO","CA",0,0
"6566377",-121.475553,38.620375,2014,"3404","0","3","3","09",0,2,"A",,,,,,1800,7,"D","C","A","NORTHGATE BL","WISCONSIN AV",0,,"Y","2014-08-25",3404,"2014-07-16",1656,"0741","P1","5","7","0","0",,"0","01C","-","N",,0,0,,,0,,,,"N",2,"A","-",21802,"A","N","A","H","-","A","A","0","Y","A","01",0,1,1,0,0,0,0,0,0,"-","-","SACRAMENTO","SACRAMENTO","CA",0,0
"6566369",0,0,2014,"3404","0","1","4","03",0,1,"A",,,,,,900,7,"D","C","A","MEADOWVIEW RD","BROOKFIELD DR",0,,"Y","2014-08-25",3404,"2014-07-07",734,"0444","5","5","7","0","0",,"0","05B","-","N",,0,0,,,0,,,,"Y",2,"A","-",22350,,"N","A","H","-","A","A","0","Y","A","01",0,0,1,0,0,0,0,0,0,"-","-","SACRAMENTO","SACRAMENTO","CA",0,0
"6566351",-121.1222131,38.6537151,2014,"3401","0","1","3","12",0,3,"A",,,,,,2100,7,"D","C","A","BROADSTONE PKWY","E BIDWELL ST",0,,"Y","2014-08-25",3401,"2014-07-14",2011,"190","4","5","5","0","0",,"0","004","-","N",,0,0,,,0,,,,"Y",2,"A","-",21453,"A","N","A","H","-","B","A","0","Y","A","01",0,1,2,0,0,0,0,0,0,"-","-","FOLSOM","SACRAMENTO","CA",0,0
"6566071",0,0,2014,"3450","0","3","2","03",0,3,"A",,,,,,2400,7,"C","C","A","ELK GROVE FLORIN RD","ELK GROVE FLORIN RD 9010",52,"S","N","2014-09-09",340,"2014-07-16",2153,"10543","3404","5","5","0","0",,"0","003","-","N",,0,0,,,0,,,,"Y",2,"A","-",22350,,"N","A","H","-","C","A","0","Y","A","01",1,0,2,0,0,0,0,0,0,"-","-","ELK GROVE","SACRAMENTO","CA",0,0
"6566021",-121.4522817,38.5249951,2014,"3404","0","1","4","09",0,2,"A",,,,,,1800,6,"A","C","A","FRUITRIDGE RD","ETHEL WY",9,"E","N","2014-09-25",3404,"2014-06-23",1742,"793",,"5","7","0","0",,"0","06B","-","N",,0,0,,,0,,,,"Y",2,"A","-",21802,"A","N","A","H","-","A","A","0","Y","J","48",0,0,2,0,0,0,0,0,0,"-","-","SACRAMENTO","SACRAMENTO","CA",0,0
"6566009",-121.48782,38.5726423,2014,"3404","0","7","3","08",0,1,"A",,"Y",,,,900,6,"H","G","A","A ST","16TH ST",60,"W","N","2015-09-23",3404,"2014-06-22",739,"417",,"5","7","0","0",,"0",,"-","N",,0,0,,,0,,,,"Y",2,"A","-",22107,,"N","A","H","-","A","D","0","Y","L","04",0,1,0,0,0,0,1,0,0,"-","-","SACRAMENTO","SACRAMENTO","CA",0,0
"6565538",0,0,2014,"3400","4","3","4","12",0,1,"A",,,,,,1200,6,"D","C","A","CALVINE RD","AUBERRY DR",0,,"Y","2015-04-01",9252,"2014-06-25",1130,"015006",,"1","9","0","2",,"2","073","-","N",,0,0,,,0,,,,"N",2,"A","-",21453,"A","N","A","H","-","A","A","0","Y","A","01",0,0,1,0,0,0,0,0,0,"-","-","UNINCORPORATED","SACRAMENTO","CA",-121.4,38.455
"6565517",-121.1720325,38.3004417,2014,"3400","5","2","3","08",0,1,"A",,,"Y",,,600,7,"E","I","A","CLAY STATION RD","PURVIS RD",1000,"N","N","2014-09-03",9252,"2014-07-01",340,"18974",,"3","9","0","3",,"2","080","-","N",,0,0,,,0,,,,"Y",1,"A","-",22107,,"N","A","H","-","D","D","0","Y","C","02",0,1,0,0,0,0,0,0,1,"-","-","UNINCORPORATED","SACRAMENTO","CA",-121.17181,38.2989
"6565513",-121.2918032,38.3631851,2014,"3400","5","7","4","03",0,1,"A",,,,,,1800,7,"D","C","A","SALAS RD","RILEY RD",1620,"E","N","2014-08-26",9252,"2014-07-06",1551,"18591",,"2","9","0","3",,"2","080","-","N",,0,0,,,0,,,,"Y",2,"A","-",22350,,"N","A","H","-","A","D","0","Y","A","01",0,0,1,0,0,0,0,0,0,"-","-","UNINCORPORATED","SACRAMENTO","CA",-121.29227,38.36319
"6565509",-121.3781931,38.4526551,2014,"3400","4","1","4","10",0,1,"A","Y",,,,,1500,7,"G","B","B","VINTAGE PARK DR","CALVINE RD",0,,"Y","2014-08-25",9252,"2014-07-07",1432,"18723",,"2","9","0","2",,"2","073","-","N",,0,0,,,0,,,,"N",2,"A","-",21950,"A","N","A","H","-","A","D","0","Y","A","01",0,0,1,0,1,0,0,0,0,"-","-","UNINCORPORATED","SACRAMENTO","CA",-121.37827,38.45263
"6565505",-121.4381531,38.496225,2014,"3400","4","4","4","17",0,1,"A",,"Y",,,,1800,7,"H","G","A","65TH ST","FLORIN RD",0,,"Y","2014-08-25",9252,"2014-07-03",1745,"18716",,"2","9","0","2",,"1","072","-","N",,0,0,,,0,,,,"N",2,"A","-",21451,"A","N","A","H","-","A","A","0","Y","A","01",0,0,1,0,0,0,1,0,0,"-","-","UNINCORPORATED","SACRAMENTO","CA",-121.43815,38.49609
"6565501",-121.1714184,38.2607357,2014,"3400","5","4","3","03",0,1,"A",,,"Y",,,1800,7,"F","A","A","CLAY STATION RD","SIMMERHORN RD",1056,"S","N","2014-08-25",9252,"2014-07-03",1604,"14833",,"2","9","0","3",,"2","080","-","N",,0,0,,,0,,,,"Y",1,"A","-",22350,,"N","A","H","-","A","D","0","Y","C","02",0,1,0,0,0,0,0,0,1,"-","-","UNINCORPORATED","SACRAMENTO","CA",-121.17137,38.26364
"6565497",-121.203523,38.4299451,2014,"3400","5","2","4","09",0,1,"A",,,,,,900,7,"D","C","A","DILLARD RD","CLAY STATION RD",0,,"Y","2014-08-26",9252,"2014-07-01",650,"14699",,"1","9","0","3",,"2","080","-","N",,0,0,,,0,,,,"Y",2,"A","-",21802,"A","N","A","H","-","A","A","0","Y","A","07",0,0,1,0,0,0,0,0,0,"-","-","UNINCORPORATED","SACRAMENTO","CA",-121.2031,38.4296
"6565490",-121.4456956,38.4959701,2014,"3404","3","6","4","07",0,1,"A",,,,,,2100,7,"B","C","A","RT 99","FLORIN RD",240,"S","N","2016-05-04",9252,"2014-07-05",1932,"18716",,"2","7","0","1",,"2","192","-","Y","SAC",3,99,"-","-",19.6,"H","-","N","Y",2,"A","-",21658,"A","N","A","H","-","A","A","1","Y","A","01",0,0,1,0,0,0,0,0,0,"-","-","SACRAMENTO","SACRAMENTO","CA",-121.44538,38.49581