"CASEID","POINT_X","POINT_Y","YEAR_","LOCATION","CHPTYPE","DAYWEEK","CRASHSEV","VIOLCAT","KILLED","INJURED","WEATHER1","PEDCOL","BICCOL","MCCOL","TRUCKCOL","ETOH","TIMECAT","MONTH_","CRASHTYP","INVOLVE","PED","PRIMARYRD","SECONDRD","DISTANCE","DIRECT","INTERSECT_","PROCDATE","JURIS","DATE_","TIME_","BADGE","JURIDIST","SHIFT","POP","SPECIAL","BEATTYPE","LAPDDIV","BEATCLAS","BEATNUMB","WEATHER2","STATEHW","CALTRANC","CALTRAND","STROUTE","ROUTESUF","POSTPRE","POSTMILE","LOCATYPE","RAMP","SIDEHW","TOWAWAY","PARTIES","PCF","VIOLCODE","VIOL","VIOLSUB","HITRUN","ROADSURF","RDCOND1","RDCOND2","LIGHTING","RIGHTWAY","CHPRDTYP","NOTPRIV","STFAULT","CHPFAULT","SEVINJ","OTHERINJ","COP","PEDKILL","PEDINJ","BICKILL","BICINJ","MCKILL","MCINJURE","RAMP1","RAMP2","CITY","COUNTY","STATE","X_CHP","Y_CHP"
"6561567",-121.43872,38.600602,2014,"3400","3","6","4","01",0,1,"A",,,,,"Y",2400,6,"C","C","A","RT 51","ARDEN WY",1900,"S","N","2016-03-28",9250,"2014-06-28",2218,"018816",,"3","9","0","1",,"2","151","-","Y","SAC",3,51,"-","-",3.73,"H","-","N","Y",3,"A","-",23152,"A","N","A","H","-","C","D","1","Y","A","01",0,0,1,0,0,0,0,0,0,"-","-","UNINCORPORATED","SACRAMENTO","CA",0,0
"6561563",-121.3323595,38.6869119,2014,"3404","1","3","4","03",0,1,"A",,,,,,900,6,"C","C","A","RT 80","GREENBACK LN",1584,"E","N","2016-03-23",9250,"2014-06-18",730,"012047",,"1","7","0","1",,"2","183","-","Y","SAC",3,80,"-","-",14.75,"H","-","W","Y",3,"A","-",22350,,"N","A","H","-","A","D","1","Y","A","07",0,0,1,0,0,0,0,0,0,"-","-","SACRAMENTO","SACRAMENTO","CA",0,0
"6561559",-121.5056544,38.6022108,2014,"3404","1","5","3","03",0,2,"A",,,,,,1500,6,"C","C","A","RT 5","WEST EL CAMINO AV",1056,"S","N","2016-03-26",9250,"2014-06-20",1430,"017682",,"2","7","0","1",,"2","105","-","Y","SAC",3,5,"-","-",25.01,"H","-","N","Y",3,"A","-",22350,,"N","A","H","-","A","D","1","Y","A","01",0,1,1,0,0,0,0,0,0,"-","-","SACRAMENTO","SACRAMENTO","CA",0,0
"6561555",-121.4359931,38.6020051,2014,"3404","3","6","3","01",0,2,"A",,,,,"Y",2400,6,"F","I","A","RT 51","ARDEN WY",800,"S","N","2016-03-28",9250,"2014-06-14",2250,"018863",,"3","7","0","1",,"2","151","-","Y","SAC",3,51,"-","-",3.91,"H","-","N","Y",1,"A","-",23152,"A","N","A","H","-","C","D","1","Y","A","01",0,2,0,0,0,0,0,0,0,"-","-","SACRAMENTO","SACRAMENTO","CA",-121.43474,38.60304
"6561551",-121.3048456,38.7119595,2014,"3496","1","2","4","03",0,1,"A",,,,,,900,6,"C","C","A","RT 80","ANTELOPE RD",1749,"E","N","2015-04-15",9250,"2014-06-24",850,"012047",,"1","5","0","1",,"2","183","-","Y","SAC",3,80,"-","-",17.02,"H","-","W","N",2,"A","-",22350,,"N","A","H","-","A","D","1","Y","A","01",0,0,1,0,0,0,0,0,0,"-","-","CITRUS HEIGHTS","SACRAMENTO","CA",0,0
"6561547",-121.522307,38.6362364,2014,"3404","1","7","3","08",0,2,"A",,,,,"Y",2400,6,"E","I","A","RT 5","ARENA BL",2640,"S","N","2015-03-11",9250,"2014-06-22",2200,"018115",,"3","7","0","1",,"2","105","-","Y","SAC",3,5,"-","-",27.56,"H","-","N","Y",1,"A","-",22107,,"F","A","H","-","C","D","1","Y","A","01",0,1,1,0,0,0,0,0,0,"-","-","SACRAMENTO","SACRAMENTO","CA",0,0
"6561543",-121.3365117,38.6831291,2014,"3400","1","1","4","03",0,1,"A",,,,,,900,6,"B","C","A","RT 80","GREENBACK LN",500,"E","N","2015-04-15",9250,"2014-06-30",715,"015869",,"1","9","0","1",,"2","183","-","Y","SAC",3,80,"-","-",14.54,"H","-","W","Y",2,"A","-",22350,,"N","A","H","-","A","D","1","Y","A","01",0,0,1,0,0,0,0,0,0,"-","-","UNINCORPORATED","SACRAMENTO","CA",0,0
"6561539",-121.3825496,38.6405326,2014,"3404","3","2","4","03",0,1,"A",,,,,,900,6,"C","C","A","RT 51","WATT AV",200,"N","N","2016-03-28",9250,"2014-06-24",710,"012047",,"1","7","0","1",,"2","152","-","Y","SAC",3,51,"-","-",8.01,"H","-","S","Y",2,"A","-",22350,,"N","A","H","-","A","D","1","Y","A","01",0,0,1,0,0,0,0,0,0,"-","-","SACRAMENTO","SACRAMENTO","CA",0,0
"6561535",-121.3086029,38.6652359,2014,"3404","5","6","3","09",0,2,"A",,,,,,2100,6,"D","C","A","DEWEY DR","TEMPLETON DR",7,"S","N","2014-08-04",9250,"2014-06-28",1819,"017482",,"2","7","0","3",,"2","020","-","N",,0,0,,,0,,,,"Y",2,"A","-",21804,"A","N","A","H","-","A","A","0","Y","A","01",0,2,0,0,0,0,0,0,0,"-","-","SACRAMENTO","SACRAMENTO","CA",0,0
"6561532",-121.4038338,38.6372651,2014,"3404","1","3","3","07",0,1,"A",,,,,,900,6,"E","I","A","RT 80","LONGVIEW DR",1521,"W","N","2016-03-23",9250,"2014-06-18",724,"015518",,"1","7","0","1",,"2","182","-","Y","SAC",3,80,"-","M",9.16,"H","-","E","Y",2,"A","-",21658,"A","F","A","D","-","A","D","1","Y","A","01",0,1,0,0,0,0,0,0,0,"-","-","SACRAMENTO","SACRAMENTO","CA",0,0
"6561531",-121.4801676,38.6852365,2014,"3404","4","5","3","08",0,1,"A",,,,,,2400,6,"E","I","A","W ELKHORN BL","BLACKTOP RD",250,"E","N","2014-08-04",9250,"2014-06-20",2205,"017397",,"3","7","0","2",,"1","064","-","N",,0,0,,,0,,,,"Y",1,"A","-",22107,,"M","A","H","-","D","D","0","Y","A","01",0,1,0,0,0,0,0,0,0,"-","-","SACRAMENTO","SACRAMENTO","CA",0,0
"6561528",-121.4462085,38.590144,2014,"3404","3","6","4","03",0,3,"A",,,,,,2100,6,"C","C","A","RT 51","EXPOSITION BL",2640,"S","N","2016-03-28",9250,"2014-06-21",1815,"018774",,"2","7","0","1",,"2","152","-","Y","SAC",3,51,"-","-",2.86,"H","-","S","Y",3,"A","-",22350,,"N","A","H","-","A","D","1","Y","A","01",0,0,3,0,0,0,0,0,0,"-","-","SACRAMENTO","SACRAMENTO","CA",-121.43879,38.5885
"6561527",-121.2920931,38.652695,2014,"3404","4","4","4","09",0,3,"A",,,,,,1200,6,"D","C","A","SUNSET AV","SAN JUAN AV",0,,"Y","2014-08-04",9250,"2014-06-26",1125,"014845",,"1","7","0","2",,"1","025","-","N",,0,0,,,0,,,,"Y",2,"A","-",21453,"C","N","A","H","-","A","A","0","Y","A","01",0,0,3,0,0,0,0,0,0,"-","-","SACRAMENTO","SACRAMENTO","CA",0,0
"6561524",-121.506708,38.6036387,2014,"3404","1","7","4","08",0,2,"A",,,,,,1200,6,"E","I","A","RT 5","GARDEN HWY",1056,"S","N","2015-03-11",9250,"2014-06-22",1059,"16957",,"1","7","0","1",,"2","106","-","Y","SAC",3,5,"-","-",25.14,"H","-","S","Y",1,"A","-",22107,,"N","A","H","-","A","D","1","Y","A","07",0,0,2,0,0,0,0,0,0,"-","-","SACRAMENTO","SACRAMENTO","CA",0,0
"6561523",-121.345903,38.595355,2014,"3400","4","7","3","12",0,1,"A",,,,,,1800,6,"A","C","A","FAIR OAKS BL","ARDEN WY",0,,"Y","2014-08-04",9250,"2014-06-22",1648,"017482",,"2","9","0","2",,"1","053","-","N",,0,0,,,0,,,,"Y",2,"A","-",21453,"A","N","A","H","-","A","A","0","Y","A","08",0,1,0,0,0,0,0,0,0,"-","-","UNINCORPORATED","SACRAMENTO","CA",0,0
"6560518",-121.2926308,38.6783432,2014,"3496","0","3","4","03",0,1,"A",,,,,,1500,6,"C","C","A","GREENBACK LN","SAN JUAN AV",45,"W","N","2014-08-13",3496,"2014-06-11",1441,"208","SACRA","5","5","0","0",,"0","003","-","N",,0,0,,,0,,,,"N",2,"A","-",22350,,"N","A","H","-","A","A","0","Y","A","01",0,0,1,0,0,0,0,0,0,"-","-","CITRUS HEIGHTS","SACRAMENTO","CA",0,0
"6560079",-121.3537845,38.5638292,2014,"3400","4","2","3","03",0,1,"A",,,,,,1200,7,"C","C","A","FOLSOM BL","TIBER DR",30,"E","N","2014-08-22",9260,"2014-07-01",1100,"016685",,"1","9","0","2",,"2","103","-","N",,0,0,,,0,,,,"Y",2,"A","-",22350,,"N","A","H","-","A","A","0","Y","A","01",0,1,0,0,0,0,0,0,0,"-","-","UNINCORPORATED","SACRAMENTO","CA",0,0
"6560078",-121.2717331,38.6401451,2014,"3400","4","7","4","12",0,1,"A",,,,,,300,7,"A","C","A","SUNRISE BL","FAIR OAKS BL",0,,"Y","2014-08-22",9260,"2014-07-06",25,"016371",,"3","9","0","2",,"2","301","-","N",,0,0,,,0,,,,"Y",2,"A","-",21453,"A","N","A","H","-","D","A","0","Y","A","01",0,0,1,0,0,0,0,0,0,"-","-","UNINCORPORATED","SACRAMENTO","CA",0,0
"6560075",-121.1481688,38.6419589,2014,"3401","2","2","3","03",0,1,"A",,,,,,900,7,"B","C","A","RT 50","PRAIRIE CITY RD",1828,"E","N","2016-05-11",9260,"2014-07-01",810,"012316",,"1","5","0","1",,"2","502","-","Y","SAC",3,50,"-","-",19.59,"H","-","W","Y",2,"A","-",22350,,"N","A","H","-","A","D","1","Y","A","07",0,1,0,0,0,0,0,0,0,"-","-","FOLSOM","SACRAMENTO","CA",-121.14971,38.64199
"6560074",-121.3360031,38.574695,2014,"3400","5","7","4","09",0,1,"A",,,,,,900,7,"E","I","A","BRADSHAW RD","HYANNIS WY",0,,"Y","2014-08-22",9260,"2014-07-06",830,"018713",,"1","9","0","3",,"2","001","-","N",,0,0,,,0,,,,"Y",2,"A","-",21801,"A","N","A","H","-","A","D","0","Y","A","07",0,0,1,0,0,0,0,0,0,"-","-","UNINCORPORATED","SACRAMENTO","CA",-121.20104,38.34291
"6560071",-121.3142666,38.5757317,2014,"3490","2","6","3","08",0,1,"A",,,,,,1200,7,"E","I","A","RT 50","MATHER FIELD RD",1584,"W","N","2016-05-03",9260,"2014-07-12",900,"016352",,"1","5","0","1",,"2","501","-","Y","SAC",3,50,"-","R",9.19,"H","-","E","Y",1,"A","-",22107,,"N","A","H","-","A","D","1","Y","A","01",0,1,0,0,0,0,0,0,0,"-","-","RANCHO CORDOVA","SACRAMENTO","CA",0,0
"6560063",-121.2257009,38.6757905,2014,"3400","4","5","4","03",0,2,"A",,,,,,1500,7,"C","C","A","HAZEL AV","FORTUNA WY",100,"S","N","2014-08-22",9260,"2014-07-11",1215,"016429",,"1","9","0","2",,"2","307","-","N",,0,0,,,0,,,,"N",2,"A","-",22350,,"N","A","H","-","A","D","0","Y","A","01",0,0,2,0,0,0,0,0,0,"-","-","UNINCORPORATED","SACRAMENTO","CA",0,0
"6560056",-121.1832359,38.6415192,2014,"3401","2","2","4","03",0,1,"A",,,,,,1800,7,"C","C","A","RT 50","FOLSOM BL",3696,"E","N","2016-05-11",9260,"2014-07-01",1545,"012316",,"2","5","0","1",,"2","502","-","Y","SAC",3,50,"-","-",17.78,"H","-","E","Y",2,"A","-",22350,,"N","A","H","-","A","D","1","Y","A","01",0,0,1,0,0,0,0,0,0,"-","-","FOLSOM","SACRAMENTO","CA",-121.18679,38.64101
"6560052",-121.151666,38.6419516,2014,"3401","2","2","4","04",0,2,"B",,,,,,900,7,"C","C","A","RT 50","PRAIRIE CITY RD",1056,"E","N","2016-05-11",9260,"2014-07-08",815,"012718",,"1","5","0","1",,"2","502","-","Y","SAC",3,50,"-","-",19.44,"H","-","W","Y",4,"A","-",21703,,"N","A","H","-","A","D","1","Y","A","01",0,0,2,0,0,0,0,0,0,"-","-","FOLSOM","SACRAMENTO","CA",0,0
"6560048",0,0,2014,"3400","5","2","3","08",0,1,"A",,"Y",,,,900,7,"B","C","A","PYRITES WY","GOLD RIVER RD",634,"E","N","2014-08-22",9260,"2014-07-08",710,"018456",,"1","9","0","3",,"2","001","-","N",,0,0,,,0,,,,"N",2,"A","-",22107,,"N","A","H","-","A","D","0","Y","L","04",0,1,0,0,0,0,1,0,0,"-","-","UNINCORPORATED","SACRAMENTO","CA",0,0
"6560044",-121.2725131,38.652785,2014,"3400","4","3","3","12",0,2,"A",,,,,,1500,7,"D","C","A","SUNRISE BL","SUNSET AV",0,,"Y","2014-08-22",9260,"2014-07-02",1430,"015203",,"2","9","0","2",,"2","301","-","N",,0,0,,,0,,,,"Y",2,"A","-",21453,"A","N","A","H","-","A","A","0","Y","A","01",0,1,1,0,0,0,0,0,0,"-","-","UNINCORPORATED","SACRAMENTO","CA",-121.27252,38.65284
"6560005",-121.2005031,38.6392352,2014,"3401","2","1","4","08",0,1,"A",,,,,,300,7,"E","I","A","RT 50","FOLSOM BL",1000,"W","N","2016-05-11",9260,"2014-07-07",45,"018705",,"3","5","0","1",,"2","502","-","Y","SAC",3,50,"-","-",16.82,"H","-","E","Y",1,"A","-",22107,,"N","A","H","-","C","D","1","Y","A","01",0,0,1,0,0,0,0,0,0,"-","-","FOLSOM","SACRAMENTO","CA",0,0
"6560001",-121.3367725,38.5723259,2014,"3400","4","3","3","05",0,1,"A",,"Y",,,,1200,7,"D","G","A","FOLSOM BL","BRADSHAW RD",97,"W","N","2014-08-21",9260,"2014-07-09",1015,"018691",,"1","9","0","2",,"2","101","-","N",,0,0,,,0,,,,"N",2,"A","-",21650,"1","N","A","H","-","A","D","0","Y","L","04",0,1,0,0,0,0,1,0,0,"-","-","UNINCORPORATED","SACRAMENTO","CA",0,0
"6559370",0,0,2014,"3404","0","2","4","08",0,1,"A",,,,,,2100,7,"A","C","A","13TH AV","58TH ST",210,"E","N","2014-08-28",3404,"2014-07-15",1948,"793","61","5","7","0","0",,"0","00B","-","N",,0,0,,,0,,,,"Y",3,"A","-",22107,,"N","A","H","-","A","D","0","Y","A","01",0,0,1,0,0,0,0,0,0,"-","-","SACRAMENTO","SACRAMENTO","CA",0,0
"6559366",-121.4840545,38.4958379,2014,"3404","0","2","3","08",0,1,"A",,"Y",,,,1500,7,"-","G","A","FLORIN RD","24TH ST",381,"W","N","2014-08-28",3404,"2014-07-15",1451,"459",,"5","7","0","0",,"0","05A","-","N",,0,0,,,0,,,,"N",2,"A","-",22107,,"N","A","H","-","A","D","0","Y","A","01",0,1,0,0,0,0,1,0,0,"-","-","SACRAMENTO","SACRAMENTO","CA",0,0
"6559362",-121.4913031,38.5674451,2014,"3404","0","7","3","09",0,2,"A",,,,,,2400,7,"A","C","A","T ST","15TH ST",0,,"Y","2014-08-25",3404,"2014-07-13",2238,"0556","3","5","7","0","0",,"0","00A","-","N",,0,0,,,0,,,,"Y",2,"A","-",21801,"A","N","A","H","-","C","A","0","Y","A","01",0,1,1,0,0,0,0,0,0,"-","-","SACRAMENTO","SACRAMENTO","CA",0,0
"6559356",-121.5280372,38.6461228,2014,"3404","0","1","3","03",0,1,"A",,,,,,2100,7,"C","C","A","ARENA BL","RT 5",63,"E","N","2016-05-03",3404,"2014-07-14",2042,"0911","1","5","7","0","0",,"0","00A","-","Y","SAC",3,5,"-","-",28.32,"R","4","S","Y",2,"A","-",22350,,"N","A","H","-","C","A","0","Y","A","07",0,1,0,0,0,0,0,0,0,"-","SF","SACRAMENTO","SACRAMENTO","CA",0,0
"6559125",-121.450453,38.474375,2014,"3404","0","2","4","-",0,1,"A",,,,,,1500,7,"D","C","A","FRANKLIN BL","MACK RD",0,,"Y","2015-04-22",3404,"2014-07-08",1454,"355","5","5","7","0","0",,"0","05B","-","N",,0,0,,,0,,,,"N",2,"A","-",0,,"N","A","H","-","A","A","0","Y","A","01",0,0,1,0,0,0,0,0,0,"-","-","SACRAMENTO","SACRAMENTO","CA",0,0
"6558938",-121.3532731,38.438145,2014,"3450","0","5","4","09",0,1,"A",,,,,"Y",2400,7,"D","C","A","SHELDON RD","WATERMAN RD",0,,"Y","2014-08-22",340,"2014-07-11",2110,"10527","3051","5","5","0","0",,"0","003","-","N",,0,0,,,0,,,,"Y",3,"A","-",21802,"A","N","A","H","-","D","D","0","Y","A","01",0,0,1,0,0,0,0,0,0,"-","-","ELK GROVE","SACRAMENTO","CA",0,0
"6558934",0,0,2014,"3450","0","3","3","08",0,1,"A",,,,,,2400,7,"E","I","A","WILLARD PKWY","BILBY RD",0,,"Y","2014-08-22",340,"2014-07-09",2241,"10006","4301","5","5","0","0",,"0","004","-","N",,0,0,,,0,,,,"Y",1,"A","-",22107,,"N","A","H","-","C","A","0","Y","A","01",0,1,0,0,0,0,0,0,0,"-","-","ELK GROVE","SACRAMENTO","CA",0,0
"6558930",-121.4010431,38.4364951,2014,"3450","0","5","4","00",0,1,"A",,,,,,2100,7,"D","C","A","SHELDON RD","RT 99",0,,"Y","2016-05-05",340,"2014-07-04",1945,"10464","3401","5","5","0","0",,"0","003","-","Y","SAC",3,99,"-","-",14.826,"R","4","N","Y",2,"D","-",0,,"N","A","H","-","A","A","0","Y","-","-",0,0,1,0,0,0,0,0,0,"-","-","ELK GROVE","SACRAMENTO","CA",0,0
"6558926",-121.3716925,38.4234123,2014,"3450","0","1","4","21",0,2,"A",,,,,,1800,7,"C","C","A","ELK GROVE FLORIN RD","BOND RD",52,"S","N","2014-08-22",340,"2014-07-07",1711,"10076","3404","5","5","0","0",,"0","003","-","N",,0,0,,,0,,,,"N",2,"A","-",22106,,"F","A","H","-","A","A","0","Y","A","07",0,0,2,0,0,0,0,0,0,"-","-","ELK GROVE","SACRAMENTO","CA",0,0
"6558922",-121.371712,38.4284709,2014,"3450","0","7","4","01",0,1,"A",,,,,,900,7,"E","I","A","ELK GROVE FLORIN RD","CAMPBELL RD",180,"S","N","2014-08-22",340,"2014-07-06",738,"10060","3404","5","5","0","0",,"0","003","-","N",,0,0,,,0,,,,"Y",1,"A","-",23152,"A","N","A","H","-","A","D","0","Y","A","08",0,0,1,0,0,0,0,0,0,"-","-","ELK GROVE","SACRAMENTO","CA",0,0
"6558918",-121.4177918,38.4091055,2014,"3450","0","6","4","03",0,1,"A",,,,,,2400,7,"C","C","A","BRUCEVILLE RD","ELK GROVE BL",22,"N","N","2014-08-22",340,"2014-07-05",2156,"10527","4104","5","5","0","0",,"0","004","-","N",,0,0,,,0,,,,"N",2,"A","-",22350,,"N","A","H","-","C","A","0","Y","A","01",0,0,1,0,0,0,0,0,0,"-","-","ELK GROVE","SACRAMENTO","CA",0,0
"6558914",-121.4566843,38.4238423,2014,"3450","0","1","3","03",0,2,"A",,,,,,1800,7,"C","C","A","LAGUNA BL","BABSON DR",925,"E","N","2014-08-22",340,"2014-07-07",1750,"10054","1207","5","5","0","0",,"0","001","-","N",,0,0,,,0,,,,"N",3,"A","-",22350,,"N","A","H","-","A","D","0","Y","A","01",0,1,1,0,0,0,0,0,0,"-","-","ELK GROVE","SACRAMENTO","CA",0,0
"6558850",-121.4960499,38.5247038,2014,"3404","0","1","3","09",0,2,"B",,,,,,1500,7,"D","C","A","FRUITRIDGE RD","LA CAMPANA WY",125,"W","N","2014-08-21",3404,"2014-07-14",1329,"0600","4","5","7","0","0",,"0","04B","-","N",,0,0,,,0,,,,"N",2,"A","-",21804,"A","N","A","H","-","A","D","0","Y","A","01",0,1,1,0,0,0,0,0,0,"-","-","SACRAMENTO","SACRAMENTO","CA",0,0
"6558846",-121.4978433,38.6109925,2014,"3404","0","4","4","09",0,3,"A",,,,,,2100,7,"D","C","A","TRUXEL RD","WATERWHEEL DR",10,"N","N","2014-08-22",3404,"2014-07-10",1809,"0487",,"5","7","0","0",,"0",,"-","N",,0,0,,,0,,,,"Y",2,"A","-",21802,"A","N","A","H","-","A","D","0","Y","A","01",0,0,3,0,0,0,0,0,0,"-","-","SACRAMENTO","SACRAMENTO","CA",0,0
"6558842",-121.2716631,38.685385,2014,"3496","0","5","4","03",0,1,"A",,,,,,1800,7,"C","C","A","SUNRISE BL","SAYONARA DR",0,,"Y","2014-08-21",3496,"2014-07-04",1621,"365",,"5","5","0","0",,"0","002","-","N",,0,0,,,0,,,,"N",3,"A","-",22350,,"N","A","H","-","A","A","0","Y","A","01",0,0,1,0,0,0,0,0,0,"-","-","CITRUS HEIGHTS","SACRAMENTO","CA",0,0
"6558838",-121.3084031,38.7083051,2014,"3496","0","3","4","03",0,1,"A",,,,,,1800,7,"C","C","A","ANTELOPE RD","RT 80",65,"E","N","2016-04-26",3496,"2014-07-09",1712,"236",,"5","5","0","0",,"0","001","-","Y","SAC",3,80,"-","-",16.67,"R","4","E","Y",2,"A","-",22350,,"N","A","H","-","A","A","0","Y","A","01",0,0,1,0,0,0,0,0,0,"-","WF","CITRUS HEIGHTS","SACRAMENTO","CA",0,0
"6558508",-121.4603431,38.498045,2014,"3400","4","2","4","09",0,1,"A",,,,,,1200,6,"D","C","A","FRANKLIN BL","GREEN TREE DR",0,,"Y","2014-08-14",9252,"2014-06-17",920,"13720",,"1","9","0","2",,"1","072","-","N",,0,0,,,0,,,,"Y",3,"A","-",21801,"A","N","A","H","-","A","D","0","Y","A","01",0,0,1,0,0,0,0,0,0,"-","-","UNINCORPORATED","SACRAMENTO","CA",-121.46012,38.49806
"6558504",-121.2903931,38.7066051,2014,"3496","0","5","4","12",0,1,"A",,,,,,600,6,"D","C","A","AUBURN BL","ANTELOPE RD",0,,"Y","2014-08-20",3496,"2014-06-27",357,"322",,"5","5","0","0",,"0","001","-","N",,0,0,,,0,,,,"N",2,"A","-",21453,"A","N","A","H","-","C","A","0","Y","A","08",0,0,1,0,0,0,0,0,0,"-","-","CITRUS HEIGHTS","SACRAMENTO","CA",0,0
"6558500",0,0,2014,"3496","0","4","4","09",0,3,"A",,,,,,1200,6,"D","C","A","AUBURN BL","CAMDEN CIR",0,,"Y","2014-08-14",3496,"2014-06-12",1049,"134",,"5","5","0","0",,"0",,"-","N",,0,0,,,0,,,,"N",3,"A","-",21801,"A","N","A","H","-","A","D","0","Y","A","01",0,0,3,0,0,0,0,0,0,"-","-","CITRUS HEIGHTS","SACRAMENTO","CA",0,0
"6558496",-121.3149732,38.7140251,2014,"3496","0","3","3","03",0,2,"A","Y",,,,,300,6,"G","B","F","SUMMERPLACE DR","BRIARTREE WY",0,,"Y","2014-08-14",3496,"2014-06-25",115,"281",,"5","5","0","0",,"0","001","-","N",,0,0,,,0,,,,"N",3,"A","-",22350,,"F","A","H","-","C","D","0","Y","-",,0,2,0,0,2,0,0,0,0,"-","-","CITRUS HEIGHTS","SACRAMENTO","CA",0,0
"6557775",0,0,2014,"3496","0","5","4","01",0,2,"A",,,,,"Y",1800,7,"A","C","A","PURSLANE WY","MALIA CT",16,"N","N","2014-08-22",3496,"2014-07-11",1725,"148",,"5","5","0","0",,"0",,"-","N",,0,0,,,0,,,,"Y",2,"A","-",23153,"A","N","A","H","-","A","A","0","Y","D","22",0,0,2,0,0,0,0,0,0,"-","-","CITRUS HEIGHTS","SACRAMENTO","CA",0,0
"6557767",-121.3945556,38.5251909,2014,"3404","0","2","3","03",0,1,"A",,,,"Y",,1200,7,"C","C","A","FRUIT RIDGE RD","84TH ST",354,"E","N","2014-08-28",3404,"2014-07-08",1158,"770",,"5","7","0","0",,"0","06C","-","N",,0,0,,,0,,,,"Y",2,"A","-",22350,,"N","A","H","-","A","D","0","Y","A","01",0,1,0,0,0,0,0,0,0,"-","-","SACRAMENTO","SACRAMENTO","CA",0,0
"6557606",-121.3855431,38.4525556,2014,"3450","0","7","3","12",0,3,"A",,,,,,1800,7,"D","C","A","SHELDON NORTH DR","CALVINE RD",18,"S","N","2014-08-22",340,"2014-07-13",1507,"10527","3101","5","5","0","0",,"0","003","-","N",,0,0,,,0,,,,"Y",3,"A","-",21453,"A","N","A","H","-","A","A","0","Y","A","08",0,1,2,0,0,0,0,0,0,"-","-","ELK GROVE","SACRAMENTO","CA",0,0
"6557593",-121.432933,38.5671851,2014,"3404","0","1","3","09",0,1,"B",,,,,,1800,7,"D","C","A","57TH ST","H ST",0,,"Y","2014-08-28",3404,"2014-07-14",1720,"649",,"5","7","0","0",,"0","06D","-","N",,0,0,,,0,,,,"Y",2,"A","-",21802,"A","N","A","H","-","A","A","0","Y","A","01",0,1,0,0,0,0,0,0,0,"-","-","SACRAMENTO","SACRAMENTO","CA",0,0
"6557140",-121.2447335,38.678685,2014,"3400","4","6","4","03",0,2,"A",,,,,,2100,7,"C","C","A","GREENBACK LN","KENNETH AV",100,"W","N","2014-08-26",9260,"2014-07-05",1800,"018705",,"2","9","0","2",,"2","302","-","N",,0,0,,,0,,,,"Y",2,"A","-",22350,,"N","A","H","-","A","A","0","Y","D","22",0,0,2,0,0,0,0,0,0,"-","-","UNINCORPORATED","SACRAMENTO","CA",0,0
"6555727",-121.4792231,38.591965,2014,"3404","0","5","3","03",0,5,"A",,,,,,1800,8,"C","C","A","NORTH 16TH ST","BASLER ST",0,,"Y","2014-09-13",3404,"2014-08-08",1747,"0624","3","5","7","0","0",,"0","00A","-","N",,0,0,,,0,,,,"Y",3,"A","-",22350,,"N","A","H","-","A","A","0","Y","J","48",0,2,3,0,0,0,0,0,0,"-","-","SACRAMENTO","SACRAMENTO","CA",0,0
"6555715",-121.412243,38.510565,2014,"3404","0","1","4","03",0,2,"B",,,,,,1800,8,"B","C","A","ELDER CREEK RD","SUN RIVER DR",0,,"Y","2014-09-13",3404,"2014-08-04",1530,"824","6","5","7","0","0",,"0","00C","-","N",,0,0,,,0,,,,"Y",2,"A","-",22350,,"N","A","H","-","A","A","0","Y","J","48",0,0,2,0,0,0,0,0,0,"-","-","SACRAMENTO","SACRAMENTO","CA",0,0
"6555707",-121.1556323,38.6421138,2014,"3401","2","4","4","03",0,2,"A",,,,,,900,8,"C","C","A","RT 50","PRAIRIE CITY RD",405,"E","N","2016-05-11",9260,"2014-08-14",745,"12718",,"1","5","0","1",,"2","502","-","Y","SAC",3,50,"-","-",19.32,"H","-","W","Y",3,"A","-",22350,,"N","A","H","-","A","D","1","Y","A","01",0,0,2,0,0,0,0,0,0,"-","-","FOLSOM","SACRAMENTO","CA",0,0
"6553918",0,0,2014,"3400","5","1","3","01",0,1,"A",,,,,"Y",2100,7,"C","C","A","BILBY RD","COOP DR",0,,"Y","2014-08-20",9252,"2014-07-07",1908,"015534",,"2","9","0","3",,"2","080","B","N",,0,0,,,0,,,,"Y",2,"A","-",23152,"A","N","A","H","-","A","D","0","Y","A","07",0,1,0,0,0,0,0,0,0,"-","-","UNINCORPORATED","SACRAMENTO","CA",-121.43801,38.37917
"6553906",-121.44104,38.4915857,2014,"3400","3","3","3","01",0,1,"A",,,,,"Y",300,7,"F","A","A","RT 99","FLORIN RD",1584,"S","N","2016-05-04",9252,"2014-07-02",27,"017132",,"3","9","0","1",,"2","192","-","Y","SAC",3,99,"-","-",19.31,"H","-","N","Y",1,"A","-",23152,"A","N","A","H","-","D","D","1","Y","A","07",0,1,0,0,0,0,0,0,0,"-","-","UNINCORPORATED","SACRAMENTO","CA",-121.44176,38.49246
"6553687",-121.3742373,38.4526362,2014,"3450","0","4","4","08",0,3,"A",,,,,,1800,7,"D","C","A","CALVINE RD","ELK GROVE FLORIN RD",700,"W","N","2014-08-26",340,"2014-07-03",1750,"10006","3201","5","5","0","0",,"0","003","-","N",,0,0,,,0,,,,"Y",4,"A","-",22107,,"N","A","H","-","A","A","0","Y","A","01",0,0,3,0,0,0,0,0,0,"-","-","ELK GROVE","SACRAMENTO","CA",0,0