"CASEID","POINT_X","POINT_Y","YEAR_","LOCATION","CHPTYPE","DAYWEEK","CRASHSEV","VIOLCAT","KILLED","INJURED","WEATHER1","PEDCOL","BICCOL","MCCOL","TRUCKCOL","ETOH","TIMECAT","MONTH_","CRASHTYP","INVOLVE","PED","PRIMARYRD","SECONDRD","DISTANCE","DIRECT","INTERSECT_","PROCDATE","JURIS","DATE_","TIME_","BADGE","JURIDIST","SHIFT","POP","SPECIAL","BEATTYPE","LAPDDIV","BEATCLAS","BEATNUMB","WEATHER2","STATEHW","CALTRANC","CALTRAND","STROUTE","ROUTESUF","POSTPRE","POSTMILE","LOCATYPE","RAMP","SIDEHW","TOWAWAY","PARTIES","PCF","VIOLCODE","VIOL","VIOLSUB","HITRUN","ROADSURF","RDCOND1","RDCOND2","LIGHTING","RIGHTWAY","CHPRDTYP","NOTPRIV","STFAULT","CHPFAULT","SEVINJ","OTHERINJ","COP","PEDKILL","PEDINJ","BICKILL","BICINJ","MCKILL","MCINJURE","RAMP1","RAMP2","CITY","COUNTY","STATE","X_CHP","Y_CHP"
"6553213",-121.4866831,38.574805,2014,"3404","0","6","4","03",0,3,"A",,,,,,1500,7,"C","C","A","16TH ST","CAPITOL AV",0,,"Y","2014-08-21",3404,"2014-07-12",1249,"0522","3","5","7","0","0",,"0","00M","-","N",,0,0,,,0,,,,"N",2,"A","-",22350,,"F","A","H","-","A","A","0","Y","A","01",0,0,3,0,0,0,0,0,0,"-","-","SACRAMENTO","SACRAMENTO","CA",0,0
"6553209",-121.4696631,38.572755,2014,"3404","0","7","4","09",0,2,"A",,,,,,2100,7,"B","C","A","K ST","28TH ST",0,,"Y","2014-08-21",3404,"2014-07-13",1812,"0828","3","5","7","0","0",,"0","03B","-","N",,0,0,,,0,,,,"Y",2,"A","-",21453,"B","N","A","H","-","A","A","0","Y","A","01",0,0,2,0,0,0,0,0,0,"-","-","SACRAMENTO","SACRAMENTO","CA",0,0
"6553205",-121.4693791,38.5738684,2014,"3404","0","5","4","08",0,1,"A",,,,,"Y",2100,7,"B","C","A","J ST","28TH ST",50,"W","N","2014-08-21",3404,"2014-07-11",2021,"3063",,"5","7","0","0",,"0",,"-","N",,0,0,,,0,,,,"Y",2,"A","-",22107,,"N","A","H","-","B","D","0","Y","A","01",0,0,1,0,0,0,0,0,0,"-","-","SACRAMENTO","SACRAMENTO","CA",0,0
"6553159",-121.445233,38.441175,2014,"3450","0","4","3","10",0,1,"A","Y",,,,,1200,7,"G","B","D","FRANKLIN BL","LAKE PLEASANT DR",0,,"Y","2014-08-21",340,"2014-07-03",1058,"10009","2101","5","5","0","0",,"0","002","-","N",,0,0,,,0,,,,"N",2,"A","-",21950,"A","F","A","H","-","A","A","0","Y","A","01",0,1,0,0,1,0,0,0,0,"-","-","ELK GROVE","SACRAMENTO","CA",0,0
"6553155",0,0,2014,"3450","0","3","4","12",0,1,"A",,,,,,1200,7,"D","C","A","ELK GROVE BL","FIRE POPPY DR",0,,"Y","2015-12-21",340,"2014-07-02",1105,"10058","4102","5","5","0","0",,"0","004","-","N",,0,0,,,0,,,,"Y",2,"A","-",21453,"A","N","A","H","-","A","A","0","Y","A","01",0,0,1,0,0,0,0,0,0,"-","-","ELK GROVE","SACRAMENTO","CA",0,0
"6553151",-121.4070231,38.4240651,2014,"3450","0","3","4","09",0,1,"A",,,,,,1500,7,"D","C","A","BIG HORN BL","GENERATIONS DR",0,,"Y","2014-08-21",340,"2014-07-02",1207,"10087","2202","5","5","0","0",,"0","002","-","N",,0,0,,,0,,,,"N",2,"A","-",21802,"A","N","A","H","-","A","A","0","Y","A","07",0,0,1,0,0,0,0,0,0,"-","-","ELK GROVE","SACRAMENTO","CA",0,0
"6551370",-121.299553,38.274235,2014,"3402","0","4","3","01",0,1,"A",,,,"Y",,300,6,"A","E","A","VINTAGE OAK AV","SUGARWOOD CT",0,,"Y","2014-08-12",3402,"2014-06-12",37,"201","23","5","3","0","0",,"0","003","-","N",,0,0,,,0,,,,"Y",3,"A","-",23152,"A","N","A","H","-","C","D","0","Y","A","01",0,1,0,0,0,0,0,0,0,"-","-","GALT","SACRAMENTO","CA",0,0
"6550900",-121.4180812,38.449822,2014,"3404","0","1","4","03",0,3,"A",,,,,"Y",2100,7,"C","C","A","BRUCEVILLE RD","CALVINE RD",28,"N","N","2015-04-24",3404,"2014-07-14",2016,"0532","5","5","7","0","0",,"0","00C","-","N",,0,0,,,0,,,,"Y",2,"A","-",22350,,"F","A","H","-","B","A","0","Y","A","01",0,0,3,0,0,0,0,0,0,"-","-","SACRAMENTO","SACRAMENTO","CA",0,0
"6550463",-121.4795116,38.4237159,2014,"3450","0","4","4","18",0,1,"A","Y",,,,,2100,7,"G","B","E","W NEUTA CT","TRAINOR WY",63,"W","N","2014-08-29",340,"2014-07-03",1914,"10038","1201","5","5","0","0",,"0","001","-","N",,0,0,,,0,,,,"N",2,"C","-",0,,"N","A","H","-","A","D","0","Y","-","-",0,0,1,0,1,0,0,0,0,"-","-","ELK GROVE","SACRAMENTO","CA",0,0
"6550279",-121.4523857,38.5589599,2014,"3404","2","1","3","03",0,1,"A",,,,,,1500,6,"C","C","A","RT 50","48TH ST",1500,"W","N","2016-03-26",9252,"2014-06-16",1303,"018233",,"1","7","0","1",,"2","151","-","Y","SAC",3,50,"-","R",1.13,"H","-","W","Y",5,"A","-",22350,,"F","A","D","-","A","D","1","Y","A","07",0,1,0,0,0,0,0,0,0,"-","-","SACRAMENTO","SACRAMENTO","CA",-121.451,38.5585
"6550269",-121.4817331,38.511955,2014,"3404","0","7","3","03",0,2,"A",,,,,,1500,6,"D","C","A","25TH ST","45TH AV",0,,"Y","2015-09-23",3404,"2014-06-15",1310,"446","SACRA","5","7","0","0",,"0","04B","-","N",,0,0,,,0,,,,"Y",2,"A","-",22350,,"N","A","H","-","A","D","0","Y","-",,0,1,1,0,0,0,0,0,0,"-","-","SACRAMENTO","SACRAMENTO","CA",0,0
"6549971",-121.2722348,38.6083943,2014,"3400","2","5","3","01",0,1,"A",,,,,"Y",300,7,"E","I","A","RT 50","FOLSOM BL",1000,"W","N","2016-04-25",9260,"2014-07-04",40,"014633",,"3","9","0","1",,"2","501","-","Y","SAC",3,50,"-","R",11.69,"H","-","W","Y",2,"A","-",23152,"A","N","A","H","-","D","D","1","Y","A","01",0,1,0,0,0,0,0,0,0,"-","-","UNINCORPORATED","SACRAMENTO","CA",0,0
"6549967",-121.2381824,38.6808789,2014,"3400","5","3","4","08",0,1,"A",,,,,,1500,7,"A","C","A","BLYTHE AV","HICKORY AV",922,"W","N","2014-08-21",9260,"2014-07-02",1300,"016685",,"1","9","0","3",,"2","003","-","N",,0,0,,,0,,,,"Y",2,"A","-",22107,,"N","A","H","-","A","D","0","Y","A","07",0,0,1,0,0,0,0,0,0,"-","-","UNINCORPORATED","SACRAMENTO","CA",0,0
"6549963",-121.2146866,38.6320033,2014,"3400","2","2","4","08",0,1,"A",,,,,,2100,7,"C","C","A","RT 50","AEROJET RD",950,"W","N","2016-04-25",9260,"2014-07-01",1805,"013560",,"2","9","0","1",,"2","502","-","Y","SAC",3,50,"-","-",15.94,"H","-","E","Y",2,"A","-",22107,,"N","A","H","-","A","D","1","Y","A","07",0,0,1,0,0,0,0,0,0,"-","-","UNINCORPORATED","SACRAMENTO","CA",-121,38
"6549959",-121.3447125,38.5683601,2014,"3400","4","2","4","03",0,1,"A",,,,,,1500,7,"C","C","A","FOLSOM BL","BUTTERFIELD WY",10,"W","N","2014-08-21",9260,"2014-07-01",1230,"012718",,"1","9","0","2",,"2","103","-","N",,0,0,,,0,,,,"Y",2,"A","-",22350,,"N","A","H","-","A","A","0","Y","A","01",0,0,1,0,0,0,0,0,0,"-","-","UNINCORPORATED","SACRAMENTO","CA",0,0
"6549955",-121.0964845,38.5043464,2014,"3400","5","5","3","18",0,1,"A",,,,,,1500,7,"H","A","A","GUADALUPE DR","TRINIDAD DR",150,"N","N","2014-08-21",9260,"2014-07-04",1245,"018713",,"1","9","0","3",,"2","001","-","N",,0,0,,,0,,,,"N",1,"C","-",0,,"N","A","H","-","A","D","0","Y","-","-",0,1,0,0,0,0,0,0,0,"-","-","UNINCORPORATED","SACRAMENTO","CA",-121.05475,38.3016
"6549951",-121.2255757,38.6539855,2014,"3400","4","5","4","03",0,2,"A",,,,,,1800,7,"C","C","A","HAZEL AV","SUNSET AV",266,"N","N","2014-08-21",9260,"2014-07-04",1605,"018456",,"2","9","0","2",,"2","307","-","N",,0,0,,,0,,,,"N",2,"A","-",22350,,"N","A","H","-","A","A","0","Y","A","07",0,0,2,0,0,0,0,0,0,"-","-","UNINCORPORATED","SACRAMENTO","CA",0,0
"6549947",-121.2254831,38.6484651,2014,"3400","4","4","4","05",0,1,"A",,"Y",,,,1200,7,"D","G","A","HAZEL AV","LA SERENA DR",0,,"Y","2014-08-21",9260,"2014-07-03",1014,"016685",,"1","9","0","2",,"2","307","-","N",,0,0,,,0,,,,"N",2,"A","-",21650,"1","N","A","H","-","A","A","0","Y","L","04",0,0,1,0,0,0,1,0,0,"-","-","UNINCORPORATED","SACRAMENTO","CA",0,0
"6549943",-121.2257031,38.676065,2014,"3400","4","4","4","09",0,1,"A",,,,,,1800,7,"D","C","A","FORTUNA WY","HAZEL AV",0,,"Y","2014-08-21",9260,"2014-07-03",1540,"015944",,"2","9","0","2",,"2","307","-","N",,0,0,,,0,,,,"N",2,"A","-",21802,"A","N","A","H","-","A","D","0","Y","A","01",0,0,1,0,0,0,0,0,0,"-","-","UNINCORPORATED","SACRAMENTO","CA",0,0
"6549939",-121.3598073,38.5607864,2014,"3400","4","2","3","03",0,1,"A",,,"Y",,,900,7,"F","A","A","FOLSOM BL","LA RIVIERA DR",500,"W","N","2014-08-21",9260,"2014-07-01",733,"016685",,"1","9","0","2",,"2","103","-","N",,0,0,,,0,,,,"Y",1,"A","-",22350,,"N","A","H","-","A","D","0","Y","C","02",0,1,0,0,0,0,0,0,1,"-","-","UNINCORPORATED","SACRAMENTO","CA",0,0
"6549932",0,0,2014,"3404","0","7","4","01",0,3,"A",,,,,"Y",2400,7,"C","C","A","15TH ST","L ST",18,,"N","2014-08-21",3404,"2014-07-06",2319,"0480",,"5","7","0","0",,"0","03M","-","N",,0,0,,,0,,,,"Y",2,"A","-",23153,"A","F","A","H","-","C","A","0","Y","A","01",0,0,3,0,0,0,0,0,0,"-","-","SACRAMENTO","SACRAMENTO","CA",0,0
"6549808",-121.4536685,38.5467508,2014,"3404","0","5","2","03",0,1,"-",,,"Y",,,1800,6,"H","J","A","BROADWAY","STOCKTON BL",50,"E","N","2014-08-21",3404,"2014-06-13",1643,"3809","6","5","7","0","0",,"0","00B","-","N",,0,0,,,0,,,,"N",1,"A","-",22350,,"N","A","H","-","A","A","0","Y","C","02",1,0,0,0,0,0,0,0,1,"-","-","SACRAMENTO","SACRAMENTO","CA",0,0
"6549661",-121.4841156,38.5213745,2014,"3404","0","1","3","03",0,4,"A",,,,,,300,7,"-","I","A","34TH AV","JACKS LN",15,"W","N","2014-08-20",3404,"2014-07-07",238,"0846",,"5","7","0","0",,"0","04B","-","N",,0,0,,,0,,,,"Y",1,"A","-",22350,,"N","A","H","-","C","D","0","Y","A","01",0,4,0,0,0,0,0,0,0,"-","-","SACRAMENTO","SACRAMENTO","CA",0,0
"6549657",-121.4921144,38.4879544,2014,"3404","0","5","4","05",0,1,"A",,,,,,2400,7,"D","-","A","21ST ST","O NEIL WY",92,"S","N","2014-08-20",3404,"2014-07-11",2202,"0794",,"5","7","0","0",,"0","05A","-","N",,0,0,,,0,,,,"Y",2,"A","-",21650,,"N","A","H","-","C","A","0","Y","A","01",0,0,1,0,0,0,0,0,0,"-","-","SACRAMENTO","SACRAMENTO","CA",0,0
"6549653",-121.4786631,38.572625,2014,"3404","0","5","4","09",0,1,"A",,,,,,2100,7,"D","C","A","CAPITOL AV","22ND ST",0,,"Y","2014-08-20",3404,"2014-07-04",1850,"3063",,"5","7","0","0",,"0",,"-","N",,0,0,,,0,,,,"Y",2,"A","-",21802,"A","N","A","H","-","A","A","0","Y","A","01",0,0,1,0,0,0,0,0,0,"-","-","SACRAMENTO","SACRAMENTO","CA",0,0
"6549649",-121.471033,38.5731305,2014,"3404","0","3","4","17",0,1,"A",,"Y",,,,1200,7,"H","G","A","K ST","27TH ST",6,"W","N","2014-08-20",3404,"2014-07-09",1117,"0469",,"5","7","0","0",,"0",,"-","N",,0,0,,,0,,,,"N",2,"A","-",21208,"A","N","A","H","-","A","D","0","Y","L","04",0,0,1,0,0,0,1,0,0,"-","-","SACRAMENTO","SACRAMENTO","CA",0,0
"6549645",-121.4755531,38.628655,2014,"3404","0","4","3","09",0,3,"A",,,,,,2100,7,"D","C","A","NORTHGATE BL","RIMMER AV",0,,"Y","2014-08-20",3404,"2014-07-03",2024,"909","1","5","7","0","0",,"0","00C","-","N",,0,0,,,0,,,,"N",2,"A","-",21802,"A","N","A","H","-","A","D","0","Y","A","01",0,1,2,0,0,0,0,0,0,"-","-","SACRAMENTO","SACRAMENTO","CA",0,0
"6549641",-121.4251631,38.625215,2014,"3404","0","1","4","12",0,1,"B",,,,,,1200,7,"D","C","A","ARCADE BL","KENWOOD ST",0,,"Y","2014-08-20",3404,"2014-07-07",926,"0108",,"5","7","0","0",,"0","02B","-","N",,0,0,,,0,,,,"Y",2,"A","-",21453,"A","N","A","H","-","A","A","0","Y","A","07",0,0,1,0,0,0,0,0,0,"-","-","SACRAMENTO","SACRAMENTO","CA",0,0
"6549637",0,0,2014,"3404","0","2","3","17",0,1,"A",,"Y",,,,1800,7,"E","G","A","T ST","ALHAMBRA BL",114,"W","N","2014-08-20",3404,"2014-07-08",1626,"0500",,"5","7","0","0",,"0","06D","-","N",,0,0,,,0,,,,"N",2,"A","-",22517,,"N","A","H","-","A","A","0","Y","-","-",0,1,0,0,0,0,1,0,0,"-","-","SACRAMENTO","SACRAMENTO","CA",0,0
"6549633",-121.3713984,38.51072,2014,"3404","0","1","4","03",0,3,"A",,,,,,1800,7,"-","C","A","ELDER CREEK RD","SOUTH WATT AV",385,"W","N","2014-08-20",3404,"2014-07-07",1741,"0593","6","5","7","0","0",,"0","00C","-","N",,0,0,,,0,,,,"N",2,"A","-",22350,,"N","A","H","-","A","D","0","Y","-",,0,0,3,0,0,0,0,0,0,"-","-","SACRAMENTO","SACRAMENTO","CA",0,0
"6549625",-121.3928425,38.5473005,2014,"3404","0","2","4","09",0,1,"A",,,,,,900,7,"D","C","A","FOLSOM BL","JULLIARD DR",150,"W","N","2014-09-02",3404,"2014-07-08",714,"719","6D","5","7","0","0",,"0",,"-","N",,0,0,,,0,,,,"Y",2,"A","-",21804,"A","N","A","H","-","A","D","0","Y","A","01",0,0,1,0,0,0,0,0,0,"-","-","SACRAMENTO","SACRAMENTO","CA",0,0
"6549621",-121.4555031,38.5511851,2014,"3404","0","3","4","-",0,1,"A","Y",,,,,900,7,"A","B","B","STOCKTON BL","2ND AV",0,,"Y","2014-08-20",3404,"2014-07-09",807,"0842","6","5","7","0","0",,"0","00B","-","N",,0,0,,,0,,,,"N",2,"A","-",0,,"N","A","H","-","A","D","0","Y","A","01",0,0,1,0,1,0,0,0,0,"-","-","SACRAMENTO","SACRAMENTO","CA",0,0
"6549617",-121.4726461,38.6553899,2014,"3404","0","5","2","05",0,1,"-",,,,,,2400,7,"A","C","A","MAIN AV","PELL DR",195,"W","N","2014-09-02",3404,"2014-07-11",2110,"0911","2","5","7","0","0",,"0","00A","-","N",,0,0,,,0,,,,"N",2,"A","-",21651,"C","F","-","-","-","-","A","0","Y","A","07",1,0,0,0,0,0,0,0,0,"-","-","SACRAMENTO","SACRAMENTO","CA",0,0
"6549613",-121.5274931,38.514795,2014,"3404","0","6","4","08",0,2,"A",,,,,,1500,7,"D","C","A","RIVERSIDE BL","GREENHAVEN DR",0,,"Y","2014-08-20",3404,"2014-07-12",1404,"0407","4","5","7","0","0",,"0","00C","-","N",,0,0,,,0,,,,"Y",2,"A","-",22107,,"N","A","H","-","A","A","0","Y","A","08",0,0,2,0,0,0,0,0,0,"-","-","SACRAMENTO","SACRAMENTO","CA",0,0
"6549562",-121.418983,38.474365,2014,"3404","0","5","4","12",0,1,"A",,,,,,1200,7,"D","C","A","STOCKTON BL","MACK RD",0,,"Y","2014-08-21",3404,"2014-07-04",1010,"0913",,"5","7","0","0",,"0",,"-","N",,0,0,,,0,,,,"Y",2,"A","-",21453,"A","N","A","G","H","A","A","0","Y","A","01",0,0,1,0,0,0,0,0,0,"-","-","SACRAMENTO","SACRAMENTO","CA",0,0
"6549558",-121.4325216,38.6061344,2014,"3404","0","3","4","08",0,1,"A",,,,,,1800,7,"D","C","A","ARDEN WY","RT 80",0,,"Y","2016-04-25",3404,"2014-07-02",1642,"344",,"5","7","0","0",,"0",,"-","Y","SAC",3,51,"-","-",4.263,"R","4","S","N",2,"A","-",22107,,"N","A","H","-","A","A","0","Y","-",,0,0,1,0,0,0,0,0,0,"-","WO","SACRAMENTO","SACRAMENTO","CA",0,0
"6549554",-121.4297755,38.6365503,2014,"3404","0","1","3","01",0,1,"-",,,,,"Y",1800,7,"A","C","A","MARYSVILLE BL","GRAND AV",13,"N","N","2014-08-26",3404,"2014-07-07",1638,"109","2","5","7","0","0",,"0","00A","-","N",,0,0,,,0,,,,"Y",2,"A","-",23152,"A","N","-","-","-","-","A","0","Y","A","01",0,1,0,0,0,0,0,0,0,"-","-","SACRAMENTO","SACRAMENTO","CA",0,0
"6549545",-121.4825345,38.4958451,2014,"3404","0","2","4","03",0,4,"A",,,,,,1800,7,"-","C","A","FLORIN RD","24TH ST",54,"E","N","2014-08-21",3404,"2014-07-08",1722,"459",,"5","7","0","0",,"0","05A","-","N",,0,0,,,0,,,,"Y",3,"A","-",22350,,"N","A","H","-","A","-","0","Y","A","01",0,0,4,0,0,0,0,0,0,"-","-","SACRAMENTO","SACRAMENTO","CA",0,0
"6549520",-121.3932831,38.4192151,2014,"3450","0","4","4","12",0,2,"A",,,,,,1500,6,"D","D","A","RT 99","BOND RD",0,,"Y","2016-03-26",340,"2014-06-19",1341,"10101","5101","5","5","0","0",,"0","005","-","Y","SAC",3,99,"-","-",13.581,"R","4","N","Y",2,"A","-",21453,"A","N","A","H","-","A","A","0","Y","A","01",0,0,2,0,0,0,0,0,0,"-","-","ELK GROVE","SACRAMENTO","CA",0,0
"6549480",-121.4700049,38.4041124,2014,"3450","0","2","2","03",0,1,"A",,,,,,1500,6,"A","I","A","ELK GROVE BL","STONELAKE CLUB DR",426,"E","N","2014-08-16",340,"2014-06-24",1309,"10101","1301","5","5","0","0",,"0","001","-","N",,0,0,,,0,,,,"Y",1,"A","-",22350,,"N","A","H","-","A","D","0","Y","A","01",1,0,0,0,0,0,0,0,0,"-","-","ELK GROVE","SACRAMENTO","CA",0,0
"6549434",-121.4213405,38.4730526,2014,"3400","3","3","4","03",0,1,"A",,,,,,900,6,"C","C","A","RT 99","MACK RD",200,"S","N","2016-01-13",9252,"2014-06-25",710,"13720",,"1","9","0","1",,"2","191","-","Y","SAC",3,99,"-","-",17.62,"H","-","N","Y",2,"A","-",22350,,"N","A","H","-","A","D","1","Y","A","01",0,0,1,0,0,0,0,0,0,"-","-","UNINCORPORATED","SACRAMENTO","CA",-121.42166,38.47341
"6549430",-121.5072506,38.5782752,2014,"3404","1","2","4","07",0,1,"A",,,"Y",,,1800,6,"B","C","A","RT 5","Q ST",475,"S","N","2016-06-30",9252,"2014-06-24",1600,"17522",,"2","7","0","1",,"2","108","-","Y","SAC",3,5,"-","-",23.041,"R","2","S","N",2,"A","-",21658,"A","N","A","H","-","A","D","1","Y","A","01",0,0,1,0,0,0,0,0,1,"TO","-","SACRAMENTO","SACRAMENTO","CA",-121.50906,38.57462
"6549277",-121.3349581,38.516665,2014,"3404","4","7","4","08",0,1,"A",,,,,,1800,6,"E","I","A","BRADSHAW RD","ELDER CREEK RD",2112,"N","N","2014-08-14",9252,"2014-06-22",1715,"18648",,"2","7","0","2",,"2","073","-","N",,0,0,,,0,,,,"Y",1,"A","-",22107,,"N","A","H","-","A","D","0","Y","A","01",0,0,1,0,0,0,0,0,0,"-","-","SACRAMENTO","SACRAMENTO","CA",-121.33538,38.51519
"6549273",-121.4670705,38.5103951,2014,"3400","4","3","4","03",0,1,"A",,,,,,1800,6,"C","C","A","47TH AV","FRANKLIN BL",25,"W","N","2014-08-15",9252,"2014-06-04",1720,"18424",,"2","9","0","2",,"1","071","-","N",,0,0,,,0,,,,"N",2,"A","-",22350,,"F","A","H","-","A","D","0","Y","A","01",0,0,1,0,0,0,0,0,0,"-","-","UNINCORPORATED","SACRAMENTO","CA",-121.46745,38.5104
"6549269",-121.448853,38.5336863,2014,"3400","4","5","2","05",0,1,"A",,"Y",,,,300,6,"H","G","A","ROOSEVELT AV","49TH ST",40,"W","N","2014-08-15",9252,"2014-06-06",115,"18291",,"3","9","0","2",,"1","071","-","N",,0,0,,,0,,,,"N",2,"A","-",21650,"1","F","A","H","-","C","D","0","Y","L","04",1,0,0,0,0,0,1,0,0,"-","-","UNINCORPORATED","SACRAMENTO","CA",-121.44882,38.53374
"6549265",-121.4575379,38.4961462,2014,"3400","4","1","3","11",0,1,"A","Y",,,,,1500,6,"G","B","E","FLORIN RD","LINCOLNSHIRE DR",50,"W","N","2014-08-15",9252,"2014-06-09",1435,"18424",,"2","9","0","2",,"1","072","-","N",,0,0,,,0,,,,"N",2,"A","-",21955,,"F","A","H","-","A","D","0","Y","N","60",0,1,0,0,1,0,0,0,0,"-","-","UNINCORPORATED","SACRAMENTO","CA",-121.45744,38.49633
"6549261",-121.4382031,38.509025,2014,"3400","4","1","4","12",0,1,"A",,,,,,2100,6,"D","C","A","WIRE DR","48TH AV",0,,"Y","2014-08-15",9252,"2014-06-09",1950,"18424",,"2","9","0","2",,"1","071","-","N",,0,0,,,0,,,,"N",2,"A","-",22450,"A","F","A","H","-","A","D","0","Y","A","01",0,0,1,0,0,0,0,0,0,"-","-","UNINCORPORATED","SACRAMENTO","CA",-121.43826,38.50903
"6549233",-121.3786542,38.6388333,2014,"3404","0","5","4","03",0,2,"A",,,,,,1800,6,"C","C","A","AUBURN BL","ANNADALE LN",90,"S","N","2014-08-15",3404,"2014-06-13",1714,"852","2A","5","7","0","0",,"0",,"-","N",,0,0,,,0,,,,"Y",2,"A","-",22350,,"N","A","H","-","A","D","0","Y","A","01",0,0,2,0,0,0,0,0,0,"-","-","SACRAMENTO","SACRAMENTO","CA",0,0
"6549230",-121.4572203,38.4961466,2014,"3400","4","3","4","05",0,1,"A",,"Y",,,,1800,6,"H","G","A","FLORIN RD","BOWLING DR",500,"W","N","2014-08-15",9252,"2014-06-25",1730,"18424",,"2","9","0","2",,"1","072","-","N",,0,0,,,0,,,,"N",2,"A","-",21650,"1","N","A","H","-","A","D","0","Y","L","04",0,0,1,0,0,0,1,0,0,"-","-","UNINCORPORATED","SACRAMENTO","CA",-121.9533,38.4964
"6549226",-121.453663,38.513345,2014,"3404","5","2","4","09",0,2,"A",,,,,,600,6,"D","C","A","WELTY WY","44TH AV",0,,"Y","2014-08-15",9252,"2014-06-24",530,"12149",,"3","7","0","3",,"2","070","-","N",,0,0,,,0,,,,"N",2,"A","-",21801,"A","N","A","H","-","A","D","0","Y","A","07",0,0,2,0,0,0,0,0,0,"-","-","SACRAMENTO","SACRAMENTO","CA",-121.47298,38.36915
"6549177",-121.295513,38.2571351,2014,"3402","0","7","4","-",0,8,"A",,,,,,2400,6,"D","C","A","A ST","FAIRWAY",0,,"Y","2015-11-20",3402,"2014-06-29",2119,"165","39","5","3","0","0",,"0","002","-","Y","SAC",3,99,"-","-",0.937,"R","4","S","Y",2,"A","-",0,,"N","A","H","-","C","A","0","Y","B","01",0,0,8,0,0,0,0,0,0,"-","-","GALT","SACRAMENTO","CA",0,0
"6549173",-121.3103331,38.261995,2014,"3402","0","7","2","01",0,2,"A",,,,,,2100,6,"D","D","A","MCFARLAND ST","ELM AV",0,,"Y","2014-08-14",3402,"2014-06-15",2000,"109","20","5","3","0","0",,"0","001","-","N",,0,0,,,0,,,,"Y",2,"A","-",23152,"A","F","A","H","-","A","A","0","Y","A","01",1,0,1,0,0,0,0,0,0,"-","-","GALT","SACRAMENTO","CA",-121.30485,38.26506
"6549169",-121.2979746,38.2508309,2014,"3402","0","2","2","11",0,1,"A","Y",,,,,1800,6,"G","B","D","CHABOLLA AV","CAROLINE AV",322,"S","N","2014-08-14",3402,"2014-06-03",1647,"123","40","5","3","0","0",,"0","002","-","N",,0,0,,,0,,,,"N",2,"A","-",21954,"A","N","A","H","-","A","D","0","Y","N","60",1,0,0,0,1,0,0,0,0,"-","-","GALT","SACRAMENTO","CA",-121.29655,38.25701
"6549134",-121.538043,38.504245,2014,"3404","0","1","3","00",0,4,"A",,,,,,1800,6,"A","C","A","FLORIN RD","GLORIA DR",0,,"Y","2014-08-14",3404,"2014-06-23",1708,"382","4","5","7","0","0",,"0","04C","-","N",,0,0,,,0,,,,"N",2,"D","-",0,,"N","A","H","-","A","A","0","Y","-","-",0,2,2,0,0,0,0,0,0,"-","-","SACRAMENTO","SACRAMENTO","CA",0,0
"6549126",0,0,2014,"3404","0","6","3","11",0,1,"A","Y",,"Y",,,2100,6,"G","B","D","BRUCEVILLE RD","IMAGINATION PKWY",41,"S","N","2014-08-15",3404,"2014-06-28",1909,"0903",,"5","7","0","0",,"0",,"-","N",,0,0,,,0,,,,"N",2,"A","-",21106,"B","N","A","H","-","A","A","0","Y","N","60",0,1,0,0,1,0,0,0,0,"-","-","SACRAMENTO","SACRAMENTO","CA",0,0
"6549125",-121.496143,38.580995,2014,"3404","0","6","4","05",0,1,"A",,"Y",,,,1200,6,"A","G","A","8TH ST","J ST",0,,"Y","2015-09-23",3404,"2014-06-28",1124,"0797","3","5","7","0","0",,"0","00M","-","N",,0,0,,,0,,,,"N",2,"A","-",21650,"1","N","A","H","-","A","A","0","Y","L","04",0,0,1,0,0,0,1,0,0,"-","-","SACRAMENTO","SACRAMENTO","CA",0,0
"6549122",-121.3830831,38.637165,2014,"3404","0","2","3","09",0,5,"A",,,,,,2400,6,"A","C","A","WATT AV","AUBURN BL",0,,"Y","2014-08-14",3404,"2014-06-24",2200,"613","2","5","7","0","0",,"0","02A","-","N",,0,0,,,0,,,,"Y",2,"A","-",21453,"C","N","A","H","-","C","A","0","Y","A","01",0,3,2,0,0,0,0,0,0,"-","-","SACRAMENTO","SACRAMENTO","CA",0,0
"6549121",-121.443813,38.569965,2014,"3404","0","5","3","00",0,2,"A",,,,,,2100,6,"D","C","A","H ST","47TH ST",0,,"Y","2014-08-15",3404,"2014-06-13",2049,"492",,"5","7","0","0",,"0",,"-","N",,0,0,,,0,,,,"Y",2,"D","-",0,,"N","A","H","-","C","D","0","Y","-","-",0,1,1,0,0,0,0,0,0,"-","-","SACRAMENTO","SACRAMENTO","CA",0,0
"6548834",-121.4762823,38.6365593,2014,"3404","0","2","4","03",0,2,"A",,,"Y",,,1200,7,"C","C","A","NORTHGATE BL","ROSIN CT",36,"S","N","2014-09-03",3404,"2014-07-08",1158,"395",,"5","7","0","0",,"0","01C","-","N",,0,0,,,0,,,,"N",2,"A","-",22350,,"N","A","H","-","A","D","0","Y","C","06",0,0,2,0,0,0,0,0,0,"-","-","SACRAMENTO","SACRAMENTO","CA",0,0