"CASEID","POINT_X","POINT_Y","YEAR_","LOCATION","CHPTYPE","DAYWEEK","CRASHSEV","VIOLCAT","KILLED","INJURED","WEATHER1","PEDCOL","BICCOL","MCCOL","TRUCKCOL","ETOH","TIMECAT","MONTH_","CRASHTYP","INVOLVE","PED","PRIMARYRD","SECONDRD","DISTANCE","DIRECT","INTERSECT_","PROCDATE","JURIS","DATE_","TIME_","BADGE","JURIDIST","SHIFT","POP","SPECIAL","BEATTYPE","LAPDDIV","BEATCLAS","BEATNUMB","WEATHER2","STATEHW","CALTRANC","CALTRAND","STROUTE","ROUTESUF","POSTPRE","POSTMILE","LOCATYPE","RAMP","SIDEHW","TOWAWAY","PARTIES","PCF","VIOLCODE","VIOL","VIOLSUB","HITRUN","ROADSURF","RDCOND1","RDCOND2","LIGHTING","RIGHTWAY","CHPRDTYP","NOTPRIV","STFAULT","CHPFAULT","SEVINJ","OTHERINJ","COP","PEDKILL","PEDINJ","BICKILL","BICINJ","MCKILL","MCINJURE","RAMP1","RAMP2","CITY","COUNTY","STATE","X_CHP","Y_CHP"
"6517442",-121.3681956,38.5600091,2014,"3400","2","3","4","04",0,2,"A",,,,,,1800,6,"C","C","A","RT 50","WATT AV",608,"E","N","2016-03-26",9260,"2014-06-11",1615,"12718",,"2","9","0","1",,"2","501","-","Y","SAC",3,50,"-","R",5.88,"H","-","W","N",3,"A","-",21703,,"N","A","H","-","A","D","1","Y","A","07",0,0,2,0,0,0,0,0,0,"-","-","UNINCORPORATED","SACRAMENTO","CA",0,0
"6517274",-121.4834731,38.561655,2014,"3404","0","5","4","09",0,1,"A",,,,,,2400,6,"D","C","A","W ST","22ND ST",0,,"Y","2014-08-08",3404,"2014-06-06",2246,"416","3B","5","7","0","0",,"0",,"-","N",,0,0,,,0,,,,"Y",2,"A","-",21802,"A","N","A","H","-","C","A","0","Y","A","01",0,0,1,0,0,0,0,0,0,"-","-","SACRAMENTO","SACRAMENTO","CA",0,0
"6517241",-121.4785231,38.576335,2014,"3404","0","1","4","12",0,2,"A",,,,,,900,6,"D","C","A","21ST ST","J ST",0,,"Y","2014-08-12",3404,"2014-06-02",739,"0327",,"5","7","0","0",,"0",,"-","N",,0,0,,,0,,,,"N",2,"A","-",21453,"A","N","A","H","-","A","A","0","Y","-","-",0,0,2,0,0,0,0,0,0,"-","-","SACRAMENTO","SACRAMENTO","CA",0,0
"6517237",-121.5061231,38.495765,2014,"3404","0","1","4","03",0,1,"A",,,,,,1500,6,"C","C","A","FLORIN RD","FREEPORT BL",0,,"Y","2014-08-08",3404,"2014-06-02",1456,"0721","4","5","7","0","0",,"0","046","-","N",,0,0,,,0,,,,"Y",2,"A","-",22350,,"M","A","H","-","A","A","0","Y","-",,0,0,1,0,0,0,0,0,0,"-","-","SACRAMENTO","SACRAMENTO","CA",0,0
"6517233",-121.4647131,38.529055,2014,"3404","0","1","3","09",0,3,"A",,,,,,2400,6,"A","C","A","MARTIN LUTHER KING JR BL","26TH AV",0,,"Y","2014-08-08",3404,"2014-06-02",2145,"0843",,"5","7","0","0",,"0","06A","-","N",,0,0,,,0,,,,"Y",2,"A","-",21801,"A","N","A","H","-","C","D","0","Y","A","01",0,1,2,0,0,0,0,0,0,"-","-","SACRAMENTO","SACRAMENTO","CA",0,0
"6517177",-121.4991024,38.577942,2014,"3404","0","5","4","01",0,1,"A",,,,,"Y",2400,6,"C","C","A","CAPITOL MALL","7TH ST",42,"W","N","2014-08-11",3404,"2014-06-06",2145,"553","P3","5","7","0","0",,"0","03M","-","N",,0,0,,,0,,,,"N",2,"A","-",23153,"A","N","A","H","-","C","A","0","Y","A","01",0,0,1,0,0,0,0,0,0,"-","-","SACRAMENTO","SACRAMENTO","CA",0,0
"6517173",-121.469933,38.565385,2014,"3404","0","3","4","12",0,1,"A",,,,,,1800,6,"D","C","A","30TH ST","Q ST",0,,"Y","2014-08-11",3404,"2014-06-04",1544,"733",,"5","7","0","0",,"0","06D","-","N",,0,0,,,0,,,,"Y",2,"A","-",21453,"A","N","A","H","-","A","A","0","Y","A","08",0,0,1,0,0,0,0,0,0,"-","-","SACRAMENTO","SACRAMENTO","CA",0,0
"6517169",-121.4468631,38.597865,2014,"3404","0","4","4","12",0,2,"A",,,,,,2100,6,"D","C","A","EXPOSITION BL","TRIBUTE RD",0,,"Y","2014-08-11",3404,"2014-06-12",1833,"0466","2","5","7","0","0",,"0","00C","-","N",,0,0,,,0,,,,"Y",2,"A","-",21453,"A","N","A","H","-","A","A","0","Y","-","-",0,0,2,0,0,0,0,0,0,"-","-","SACRAMENTO","SACRAMENTO","CA",0,0
"6517165",-121.46185,38.4960612,2014,"3404","0","4","2","05",0,1,"A",,"Y",,,,1500,6,"A","C","A","FLORIN RD","MUNSON WY",51,"E","N","2014-08-11",3404,"2014-06-12",1406,"0913",,"5","7","0","0",,"0","05B","-","N",,0,0,,,0,,,,"N",2,"A","-",21650,"1","N","A","H","-","A","A","0","Y","L","04",1,0,0,0,0,0,1,0,0,"-","-","SACRAMENTO","SACRAMENTO","CA",0,0
"6517161",-121.4477735,38.4674014,2014,"3404","0","3","4","07",0,1,"A",,,,,,1500,6,"B","C","A","FRANKLIN BL","VALLEY HI DR",135,"N","N","2014-08-11",3404,"2014-06-11",1318,"0913",,"5","7","0","0",,"0","05B","-","N",,0,0,,,0,,,,"N",2,"A","-",21658,"A","F","A","H","-","A","A","0","Y","A","07",0,0,1,0,0,0,0,0,0,"-","-","SACRAMENTO","SACRAMENTO","CA",0,0
"6517157",-121.4784131,38.583635,2014,"3404","0","2","3","12",0,1,"A",,"Y",,,,900,6,"D","G","A","D ST","19TH ST",0,,"Y","2014-08-11",3404,"2014-06-10",724,"0756","CENTR","5","7","0","0",,"0","03B","-","N",,0,0,,,0,,,,"N",2,"A","-",22450,"A","N","A","H","-","A","A","0","Y","L","04",0,1,0,0,0,0,1,0,0,"-","-","SACRAMENTO","SACRAMENTO","CA",0,0
"6517156",0,0,2014,"3404","0","2","4","08",0,1,"A",,"Y",,,,1200,6,"H","G","A","HARVARD ST","2180 HARVARD ST",0,,"Y","2014-09-02",3404,"2014-06-03",1040,"8163","2","5","7","0","0",,"0","00C","-","N",,0,0,,,0,,,,"N",2,"A","-",22107,,"N","A","H","-","A","D","0","Y","A","07",0,0,1,0,0,0,1,0,0,"-","-","SACRAMENTO","SACRAMENTO","CA",0,0
"6517153",-121.5042493,38.6102167,2014,"3404","0","6","4","09",0,1,"A",,"Y",,,,900,6,"D","G","A","NATOMAS PARK DR","CAPITAL PARK DR",570,"W","N","2014-08-11",3404,"2014-06-07",851,"0617",,"5","7","0","0",,"0","01B","-","N",,0,0,,,0,,,,"N",2,"A","-",21801,"A","N","A","H","-","A","D","0","Y","A","01",0,0,1,0,0,0,1,0,0,"-","-","SACRAMENTO","SACRAMENTO","CA",0,0
"6517152",-121.4063231,38.5543051,2014,"3404","0","6","2","09",0,1,"A",,"Y",,,,1800,6,"G","G","A","RT 50","HOWE AV",15,"S","N","2016-03-26",3404,"2014-06-14",1707,"821","6","5","7","0","0",,"0","00D","-","Y","SAC",3,50,"-","R",3.629,"R","3","E","Y",2,"A","-",21804,"A","N","A","H","-","A","D","0","Y","L","04",1,0,0,0,0,0,1,0,0,"EO","-","SACRAMENTO","SACRAMENTO","CA",0,0
"6517149",-121.5000938,38.5821158,2014,"3404","0","4","4","10",0,1,"A","Y",,,,,2100,6,"G","B","B","5TH ST","J ST",8,"N","N","2014-08-11",3404,"2014-06-05",2046,"3063",,"5","7","0","0",,"0",,"-","N",,0,0,,,0,,,,"N",2,"A","-",21950,"A","N","A","H","-","B","A","0","Y","A","01",0,0,1,0,1,0,0,0,0,"-","-","SACRAMENTO","SACRAMENTO","CA",0,0
"6517148",0,0,2014,"3404","0","1","3","12",0,2,"A",,,,,,2400,6,"D","C","A","ARENA BL","TRUXEL RD",0,,"Y","2014-08-19",3404,"2014-06-16",2346,"931","1","5","7","0","0",,"0","00A","-","N",,0,0,,,0,,,,"Y",2,"A","-",21453,"A","N","A","H","-","C","A","0","Y","A","07",0,1,1,0,0,0,0,0,0,"-","-","SACRAMENTO","SACRAMENTO","CA",0,0
"6517145",-121.4856431,38.5806751,2014,"3404","0","4","3","05",0,1,"A",,"Y",,,,1500,6,"D","G","A","H ST","15TH ST",0,,"Y","2014-08-11",3404,"2014-06-12",1419,"390",,"5","7","0","0",,"0",,"-","N",,0,0,,,0,,,,"N",2,"A","-",21650,"1","N","A","H","-","A","A","0","Y","L","04",0,1,0,0,0,0,1,0,0,"-","-","SACRAMENTO","SACRAMENTO","CA",0,0
"6517141",-121.4272331,38.476535,2014,"3404","0","4","4","21",0,2,"A",,,,,,1500,6,"D","C","A","LA MANCHA WY","CREEK CENTRE CT",0,,"Y","2014-08-11",3404,"2014-06-12",1344,"836",,"5","7","0","0",,"0","P55C","-","N",,0,0,,,0,,,,"N",2,"A","-",22106,,"F","A","H","-","A","D","0","Y","-","-",0,0,2,0,0,0,0,0,0,"-","-","SACRAMENTO","SACRAMENTO","CA",0,0
"6517137",0,0,2014,"3404","0","4","4","03",0,1,"A",,,,,,900,6,"C","C","A","FLORIN RD","TAMOSHANTER WY",35,"E","N","2014-08-11",3404,"2014-06-12",820,"0911",,"5","7","0","0",,"0",,"-","N",,0,0,,,0,,,,"N",2,"A","-",22350,,"N","A","H","-","A","A","0","Y","A","07",0,0,1,0,0,0,0,0,0,"-","-","SACRAMENTO","SACRAMENTO","CA",0,0
"6517133",-121.4888495,38.5521401,2014,"3404","0","4","3","11",0,1,"A","Y",,,,,900,6,"G","B","D","4TH AV","FREEPORT BL",7,"E","N","2014-08-11",3404,"2014-06-12",723,"0911",,"5","7","0","0",,"0",,"-","N",,0,0,,,0,,,,"N",2,"A","-",21954,"A","N","A","H","-","A","A","0","Y","N","60",0,1,0,0,1,0,0,0,0,"-","-","SACRAMENTO","SACRAMENTO","CA",0,0
"6517129",-121.4647231,38.5395251,2014,"3404","0","3","4","09",0,2,"A",,,,,,2100,6,"A","C","A","14TH AV","MARTIN LUTHER KING JR BL",0,,"Y","2014-08-11",3404,"2014-06-11",1803,"0762",,"5","7","0","0",,"0","06A","-","N",,0,0,,,0,,,,"Y",2,"A","-",21453,"C","N","A","H","-","A","A","0","Y","A","01",0,0,2,0,0,0,0,0,0,"-","-","SACRAMENTO","SACRAMENTO","CA",0,0
"6517125",-121.462573,38.572125,2014,"3404","0","3","4","03",0,1,"A",,,,,,1800,6,"C","C","A","J ST","33RD ST",0,,"Y","2014-08-11",3404,"2014-06-11",1652,"0793","6","5","7","0","0",,"0","00D","-","N",,0,0,,,0,,,,"N",2,"A","-",22350,,"N","A","H","-","A","D","0","Y","-","-",0,0,1,0,0,0,0,0,0,"-","-","SACRAMENTO","SACRAMENTO","CA",0,0
"6517006",-121.4781131,38.560245,2014,"3404","0","3","4","07",0,1,"A",,,,,,1200,6,"B","C","A","W ST","26TH ST",0,,"Y","2014-08-07",3404,"2014-06-18",1113,"0756","CENTR","5","7","0","0",,"0","03B","-","N",,0,0,,,0,,,,"Y",2,"A","-",21658,"A","N","A","H","-","A","A","0","Y","A","01",0,0,1,0,0,0,0,0,0,"-","-","SACRAMENTO","SACRAMENTO","CA",0,0
"6516976",-121.248202,38.6905955,2014,"3400","4","5","3","01",0,1,"A",,,,,"Y",600,6,"E","I","A","OLD RANCH RD","CORTADERA DR",15,"E","N","2014-08-12",9260,"2014-06-20",410,"018713",,"3","9","0","2",,"2","302","-","N",,0,0,,,0,,,,"Y",1,"A","-",23152,"A","M","A","H","-","C","D","0","Y","A","01",0,1,0,0,0,0,0,0,0,"-","-","UNINCORPORATED","SACRAMENTO","CA",-121.14534,38.41258
"6516972",-121.2622231,38.6733159,2014,"3400","4","1","4","08",0,1,"A",,,,,,300,6,"E","I","A","FAIR OAKS BL","SUNRISE EAST WY",350,"N","N","2014-08-12",9260,"2014-06-16",10,"18352",,"3","9","0","2",,"2","305","-","N",,0,0,,,0,,,,"Y",2,"A","-",22107,,"N","A","H","-","C","D","0","Y","A","01",0,0,1,0,0,0,0,0,0,"-","-","UNINCORPORATED","SACRAMENTO","CA",-121.26201,38.67338
"6516968",-121.2606789,38.6786103,2014,"3400","4","4","4","09",0,3,"A",,,,,,1800,6,"D","C","A","GREENBACK LN","FAIR OAKS BL",461,"E","N","2014-08-11",9260,"2014-06-19",1749,"017084",,"2","9","0","2",,"2","302","-","N",,0,0,,,0,,,,"Y",2,"A","-",21804,"A","N","A","H","-","A","A","0","Y","A","01",0,0,3,0,0,0,0,0,0,"-","-","UNINCORPORATED","SACRAMENTO","CA",0,0
"6516874",-121.4526231,38.630825,2014,"3404","0","6","4","12",0,2,"A",,,,,,1500,6,"D","C","A","TAYLOR ST","HAYES AV",0,,"Y","2014-09-18",3404,"2014-06-21",1438,"0919",,"5","7","0","0",,"0",,"-","N",,0,0,,,0,,,,"Y",2,"A","-",22450,"A","N","A","H","-","A","A","0","Y","A","01",0,0,2,0,0,0,0,0,0,"-","-","SACRAMENTO","SACRAMENTO","CA",0,0
"6516870",-121.5236778,38.5162112,2014,"3404","0","6","3","03",0,1,"A",,,"Y",,,1200,6,"-","-","A","43RD AV","VALINE CT",10,"W","N","2014-08-20",3404,"2014-06-21",957,"732","4","5","7","0","0",,"0","00C","-","N",,0,0,,,0,,,,"N",1,"A","-",22350,,"N","A","H","-","A","D","0","Y","C","02",0,1,0,0,0,0,0,0,1,"-","-","SACRAMENTO","SACRAMENTO","CA",0,0
"6516866",-121.517883,38.525015,2014,"3404","0","7","4","09",0,3,"A",,,,,,1800,6,"D","C","A","SEAMAS AV","LONSDALE DR",0,,"Y","2014-08-20",3404,"2014-06-08",1653,"8169","4","5","7","0","0",,"0","00A","-","N",,0,0,,,0,,,,"Y",2,"A","-",21801,"A","N","A","H","-","A","A","0","Y","A","07",0,0,3,0,0,0,0,0,0,"-","-","SACRAMENTO","SACRAMENTO","CA",0,0
"6516862",-121.4895462,38.5681841,2014,"3404","0","5","4","05",0,1,"A",,"Y",,,,2100,6,"A","G","A","S ST","16TH ST",10,"W","N","2014-08-20",3404,"2014-06-20",2018,"0212","3","5","7","0","0",,"0","03A","-","N",,0,0,,,0,,,,"N",2,"A","-",21650,"1","N","A","H","-","A","A","0","Y","L","04",0,0,1,0,0,0,1,0,0,"-","-","SACRAMENTO","SACRAMENTO","CA",0,0
"6516822",-121.4232732,38.621705,2014,"3404","0","7","3","01",0,1,"A",,,,,"Y",300,6,"A","I","A","AUBURN BL","MARCONI CIR",0,,"Y","2014-09-18",3404,"2014-06-22",240,"9597",,"5","7","0","0",,"0","02C","-","N",,0,0,,,0,,,,"Y",1,"A","-",23152,"A","N","A","H","-","C","A","0","Y","A","01",0,1,0,0,0,0,0,0,0,"-","-","SACRAMENTO","SACRAMENTO","CA",0,0
"6516749",-121.3751376,38.5531484,2014,"3400","4","4","3","08",0,2,"A",,,,,,900,6,"E","I","A","FOLSOM BL","WATT AV",20,"E","N","2014-08-20",9260,"2014-06-19",640,"015833",,"1","9","0","2",,"2","103","-","N",,0,0,,,0,,,,"Y",1,"A","-",22107,,"N","A","H","-","B","D","0","Y","D","22",0,1,1,0,0,0,0,0,0,"-","-","UNINCORPORATED","SACRAMENTO","CA",0,0
"6516675",-121.4292232,38.6533691,2014,"3404","0","1","4","03",0,2,"A",,,,,,900,6,"C","C","A","RALEY BL","MAIN AV",461,"S","N","2014-08-12",3404,"2014-06-09",714,"8163","2","5","7","0","0",,"0","00A","-","N",,0,0,,,0,,,,"Y",5,"A","-",22350,,"N","A","H","-","A","D","0","Y","I","11",0,0,2,0,0,0,0,0,0,"-","-","SACRAMENTO","SACRAMENTO","CA",0,0
"6516671",-121.4830131,38.509115,2014,"3404","0","5","3","12",0,2,"A",,,,,,2100,6,"D","C","A","HOGAN DR","24TH ST",0,,"Y","2014-08-13",3404,"2014-06-06",1916,"8169","4","5","7","0","0",,"0","00B","-","N",,0,0,,,0,,,,"Y",2,"A","-",21453,"A","N","A","H","-","A","A","0","Y","A","01",0,1,1,0,0,0,0,0,0,"-","-","SACRAMENTO","SACRAMENTO","CA",0,0
"6516667",-121.4153243,38.5738491,2014,"3404","0","1","3","08",0,1,"A",,,,,,1800,6,"B","C","A","HOWE AV","FAIR OAKS BL",111,"S","N","2014-08-09",3404,"2014-06-16",1501,"793","6","5","7","0","0",,"0","00D","-","N",,0,0,,,0,,,,"N",2,"A","-",22107,,"N","A","H","-","A","D","0","Y","A","01",0,1,0,0,0,0,0,0,0,"-","-","SACRAMENTO","SACRAMENTO","CA",0,0
"6516663",-121.4091231,38.525075,2014,"3404","0","5","4","03",0,1,"A",,,,,,300,6,"C","C","A","POWER INN RD","FRUITRIDGE RD",0,,"Y","2014-08-04",3404,"2014-06-20",140,"0555",,"5","7","0","0",,"0",,"-","N",,0,0,,,0,,,,"Y",2,"A","-",22350,,"M","A","H","-","C","A","0","Y","A","01",0,0,1,0,0,0,0,0,0,"-","-","SACRAMENTO","SACRAMENTO","CA",0,0
"6516398",-121.4685431,38.5514851,2014,"3404","0","3","4","-",0,2,"A",,,,,,1500,6,"D","C","A","BROADWAY","35TH ST",0,,"Y","2014-08-11",3404,"2014-06-18",1256,"0842","6","5","7","0","0",,"0","00A","-","N",,0,0,,,0,,,,"N",2,"A","-",0,,"N","A","H","-","A","A","0","Y","A","01",0,0,2,0,0,0,0,0,0,"-","-","SACRAMENTO","SACRAMENTO","CA",0,0
"6516394",-121.419845,38.4744151,2014,"3404","0","2","3","03",0,2,"A",,,,,,1800,6,"C","C","A","MACK RD","STOCKTON BL",250,"W","N","2014-08-11",3404,"2014-06-17",1614,"0296",,"5","7","0","0",,"0","05C","-","N",,0,0,,,0,,,,"N",3,"A","-",22350,,"N","A","H","-","A","D","0","Y","A","01",0,1,1,0,0,0,0,0,0,"-","-","SACRAMENTO","SACRAMENTO","CA",0,0
"6516390",-121.5023265,38.6706581,2014,"3404","0","3","4","03",0,2,"A",,,,,,2400,6,"C","C","A","CLUB CENTER DR","DANBROOK DR",583,"E","N","2014-08-18",3404,"2014-06-18",2209,"0867","1","5","7","0","0",,"0","00A","-","N",,0,0,,,0,,,,"N",2,"A","-",22350,,"F","A","H","-","A","D","0","Y","A","01",0,0,2,0,0,0,0,0,0,"-","-","SACRAMENTO","SACRAMENTO","CA",0,0
"6516293",-121.4091231,38.525075,2014,"3404","0","1","4","09",0,1,"A",,,,,,2400,6,"D","C","A","POWER INN RD","FRUITRIDGE RD",0,,"Y","2014-08-13",3404,"2014-06-09",2105,"0500",,"5","7","0","0",,"0","06C","-","N",,0,0,,,0,,,,"Y",3,"A","-",21800,"A","N","A","H","-","A","A","0","Y","A","07",0,0,1,0,0,0,0,0,0,"-","-","SACRAMENTO","SACRAMENTO","CA",0,0
"6516289",-121.4705531,38.574175,2014,"3404","0","2","4","09",0,1,"A",,,,,,1800,6,"D","C","A","J ST","27TH ST",0,,"Y","2014-08-13",3404,"2014-06-17",1502,"0756","CENTR","5","7","0","0",,"0","03B","-","N",,0,0,,,0,,,,"Y",2,"A","-",21802,"A","N","A","H","-","A","A","0","Y","A","01",0,0,1,0,0,0,0,0,0,"-","-","SACRAMENTO","SACRAMENTO","CA",0,0
"6515975",-121.3954631,38.4240651,2014,"3450","3","2","4","03",0,1,"A",,,,,,900,6,"C","C","A","RT 99","LAGUNA BL",300,"S","N","2016-01-13",9252,"2014-06-17",835,"14977",,"1","5","0","1",,"2","191","-","Y","SAC",3,99,"-","-",13.781,"R","1","N","N",2,"A","-",22350,,"N","A","H","-","A","A","1","Y","A","01",0,0,1,0,0,0,0,0,0,"-","-","ELK GROVE","SACRAMENTO","CA",-121.3964,38.42346
"6515972",-121.2585571,38.7097079,2014,"3496","0","1","4","03",0,1,"A",,,,,,1500,6,"A","C","A","OLD AUBURN RD","CORAL OAK WY",2,"E","N","2014-08-22",3496,"2014-06-16",1337,"367","3496","5","5","0","0",,"0","002","-","N",,0,0,,,0,,,,"Y",3,"A","-",22350,,"N","A","H","-","A","D","0","Y","A","01",0,0,1,0,0,0,0,0,0,"-","-","CITRUS HEIGHTS","SACRAMENTO","CA",0,0
"6515971",-121.5083231,38.5752551,2014,"3404","2","5","4","03",0,1,"A",,,,,,2400,6,"C","C","A","RT 50","Q ST",100,"S","N","2016-06-07",9252,"2014-06-20",2140,"18470",,"2","7","0","1",,"2","150","-","Y","SAC",3,5,"-","-",22.878,"R","1","N","N",2,"A","-",22350,,"N","A","D","-","C","D","1","Y","A","01",0,0,1,0,0,0,0,0,0,"-","-","SACRAMENTO","SACRAMENTO","CA",-121.50863,38.5726
"6515967",-121.4565931,38.5601451,2014,"3404","2","6","4","03",0,1,"A",,,,,,1800,6,"C","C","A","RT 50","STOCKTON BL",30,"E","N","2016-03-28",9252,"2014-06-21",1720,"15159",,"2","7","0","1",,"2","151","-","Y","SAC",3,50,"-","R",0.789,"R","1","W","N",2,"A","-",22350,,"F","A","H","-","A","A","1","Y","A","01",0,0,1,0,0,0,0,0,0,"TO","-","SACRAMENTO","SACRAMENTO","CA",-121.46421,38.51147
"6515963",-121.5181743,38.5294125,2014,"3404","1","7","4","08",0,1,"A",,,,,,1200,6,"E","I","A","RT 5","CASILADA WY",200,"N","N","2016-05-03",9252,"2014-06-22",1015,"18073",,"1","7","0","1",,"2","107","-","Y","SAC",3,5,"-","-",19.62,"H","-","N","Y",1,"A","-",22107,,"N","A","H","-","A","D","1","Y","A","01",0,0,1,0,0,0,0,0,0,"-","-","SACRAMENTO","SACRAMENTO","CA",-121.51818,38.52968
"6515794",-121.501941,38.5972148,2014,"3404","0","3","3","11",0,1,"A","Y",,,,,600,6,"G","B","D","RICHARDS BL","BERCUT DR",75,"E","N","2014-08-08",3404,"2014-06-11",457,"0556","3","5","7","0","0",,"0","00A","-","N",,0,0,,,0,,,,"N",2,"A","-",21954,"A","N","A","H","-","A","D","0","Y","N","60",0,1,0,0,1,0,0,0,0,"-","-","SACRAMENTO","SACRAMENTO","CA",0,0
"6515791",-121.2716372,38.6788645,2014,"3496","0","4","4","03",0,2,"A",,,,,,1500,6,"C","C","A","SUNRISE BL","BIRDCAGE CENTER",160,"N","N","2015-03-04",3496,"2014-06-12",1334,"217",,"5","5","0","0",,"0","003","-","N",,0,0,,,0,,,,"N",4,"A","-",22350,,"N","A","H","-","A","D","0","Y","A","01",0,0,2,0,0,0,0,0,0,"-","-","CITRUS HEIGHTS","SACRAMENTO","CA",0,0
"6515790",-121.487477,38.5763646,2014,"3404","0","5","4","03",0,1,"A",,,,,,1500,6,"C","C","A","15TH ST","L ST",42,"N","N","2014-08-08",3404,"2014-06-06",1317,"0756","CENTR","5","7","0","0",,"0","03M","-","N",,0,0,,,0,,,,"N",2,"A","-",22350,,"N","A","H","-","A","D","0","Y","A","01",0,0,1,0,0,0,0,0,0,"-","-","SACRAMENTO","SACRAMENTO","CA",0,0
"6515787",-121.3197759,38.6781972,2014,"3496","0","2","3","03",0,2,"A",,,,,,1500,6,"A","C","A","GREENBACK LN","AUBURN BL",410,"E","N","2014-08-20",3496,"2014-06-03",1201,"134",,"5","5","0","0",,"0",,"-","N",,0,0,,,0,,,,"N",4,"A","-",22350,,"N","A","H","-","A","D","0","Y","A","01",0,1,1,0,0,0,0,0,0,"-","-","CITRUS HEIGHTS","SACRAMENTO","CA",0,0
"6515786",-121.4724831,38.6414251,2014,"3404","0","1","3","01",0,2,"A",,,,,"Y",2400,6,"A","C","A","NORTHGATE BL","RT 80",0,,"Y","2016-03-01",3404,"2014-06-02",2309,"4005","1","5","7","0","0",,"0","00C","-","Y","SAC",3,80,"-","M",5.169,"R","4","W","Y",2,"A","-",23153,,"F","A","H","-","C","-","0","Y","A","01",0,1,1,0,0,0,0,0,0,"-","WF","SACRAMENTO","SACRAMENTO","CA",0,0
"6515782",-121.4700457,38.6455884,2014,"3404","0","2","4","09",0,2,"A",,,"Y",,,1800,6,"D","C","A","PELL DR","PELL CIR",300,"N","N","2014-08-08",3404,"2014-06-03",1507,"210","2","5","7","0","0",,"0","00A","-","N",,0,0,,,0,,,,"Y",2,"A","-",21801,"A","N","A","H","-","A","D","0","Y","C","06",0,0,2,0,0,0,0,0,1,"-","-","SACRAMENTO","SACRAMENTO","CA",0,0
"6514780",0,0,2014,"3401","0","5","3","00",0,1,"B",,,,,,1800,6,"E","I","A","EMPIRE RANCH RD","BROADSTONE PKWY",0,,"Y","2014-08-11",3401,"2014-06-13",1754,"177","3","5","5","0","0",,"0","003","-","N",,0,0,,,0,,,,"Y",1,"D","-",0,,"N","A","H","-","A","A","0","Y","-","-",0,1,0,0,0,0,0,0,0,"-","-","FOLSOM","SACRAMENTO","CA",0,0
"6514776",-121.1546859,38.6696408,2014,"3401","0","4","4","03",0,1,"A",,,,,,1500,6,"C","C","A","E BIDWELL ST","BLUE RAVINE RD",262,"W","N","2014-08-11",3401,"2014-06-12",1218,"206","2","5","5","0","0",,"0","002","-","N",,0,0,,,0,,,,"N",2,"A","-",22350,,"M","A","H","-","A","D","0","Y","A","08",0,0,1,0,0,0,0,0,0,"-","-","FOLSOM","SACRAMENTO","CA",-121.15583,38.66969
"6514526",-121.4168057,38.5250751,2014,"3404","0","2","4","03",0,1,"A",,,,,,1800,6,"C","C","A","FRUITRIDGE RD","LOWELL ST",5,"E","N","2014-08-08",3404,"2014-06-10",1628,"280",,"5","7","0","0",,"0","06C","-","N",,0,0,,,0,,,,"N",4,"A","-",22350,,"M","A","H","-","A","A","0","Y","A","08",0,0,1,0,0,0,0,0,0,"-","-","SACRAMENTO","SACRAMENTO","CA",0,0
"6514513",-121.4915676,38.4958897,2014,"3404","0","2","1","01",1,2,"A",,,,"Y","Y",300,6,"C","E","A","FLORIN RD","21ST ST",90,"W","N","2015-12-29",3404,"2014-06-10",208,"647",,"5","7","0","0",,"0","04B","-","N",,0,0,,,0,,,,"Y",2,"A","-",23152,"A","F","A","H","-","C","D","0","Y","A","01",1,1,0,0,0,0,0,0,0,"-","-","SACRAMENTO","SACRAMENTO","CA",0,0
"6514509",-121.4730431,38.529995,2014,"3404","0","2","4","09",0,1,"A",,,,,,1200,6,"D","C","A","FRANKLIN BL","25TH AV",0,,"Y","2014-08-13",3404,"2014-06-10",1023,"911",,"5","7","0","0",,"0",,"-","N",,0,0,,,0,,,,"Y",2,"A","-",21802,"A","N","A","H","-","A","A","0","Y","D","22",0,0,1,0,0,0,0,0,0,"-","-","SACRAMENTO","SACRAMENTO","CA",0,0
"6514123",-121.4091331,38.4537851,2014,"3404","0","6","3","03",0,4,"A",,,"Y",,,300,6,"C","C","A","COSUMNESS BLVD","RT 99",0,,"Y","2016-03-25",3404,"2014-06-14",147,"0825","SECT5","5","7","0","0",,"0","05C","-","Y","SAC",3,99,"-","-",16.124,"R","4","S","Y",2,"A","-",22350,,"N","A","H","-","C","A","0","Y","C","02",0,1,3,0,0,0,0,0,4,"-","-","SACRAMENTO","SACRAMENTO","CA",0,0
"6514005",-121.4348231,38.610525,2014,"3404","0","5","4","09",0,1,"A",,,,,,1800,6,"D","C","A","HARVARD ST","MANNING ST",0,,"Y","2014-08-08",3404,"2014-06-20",1633,"234",,"5","7","0","0",,"0","022","-","N",,0,0,,,0,,,,"Y",2,"A","-",21801,"A","N","A","H","-","A","D","0","Y","A","01",0,0,1,0,0,0,0,0,0,"-","-","SACRAMENTO","SACRAMENTO","CA",0,0
"6514001",-121.4753628,38.4815804,2014,"3404","0","5","3","03",0,1,"A",,,,,,1800,6,"E","I","A","CORAL GABLES CT","MEADOWVIEW RD",42,"N","N","2014-08-08",3404,"2014-06-20",1621,"0819","P5","5","7","0","0",,"0","05A","-","N",,0,0,,,0,,,,"Y",1,"A","-",22350,,"N","A","H","-","A","A","0","Y","A","07",0,1,0,0,0,0,0,0,0,"-","-","SACRAMENTO","SACRAMENTO","CA",0,0