"CASEID","POINT_X","POINT_Y","YEAR_","LOCATION","CHPTYPE","DAYWEEK","CRASHSEV","VIOLCAT","KILLED","INJURED","WEATHER1","PEDCOL","BICCOL","MCCOL","TRUCKCOL","ETOH","TIMECAT","MONTH_","CRASHTYP","INVOLVE","PED","PRIMARYRD","SECONDRD","DISTANCE","DIRECT","INTERSECT_","PROCDATE","JURIS","DATE_","TIME_","BADGE","JURIDIST","SHIFT","POP","SPECIAL","BEATTYPE","LAPDDIV","BEATCLAS","BEATNUMB","WEATHER2","STATEHW","CALTRANC","CALTRAND","STROUTE","ROUTESUF","POSTPRE","POSTMILE","LOCATYPE","RAMP","SIDEHW","TOWAWAY","PARTIES","PCF","VIOLCODE","VIOL","VIOLSUB","HITRUN","ROADSURF","RDCOND1","RDCOND2","LIGHTING","RIGHTWAY","CHPRDTYP","NOTPRIV","STFAULT","CHPFAULT","SEVINJ","OTHERINJ","COP","PEDKILL","PEDINJ","BICKILL","BICINJ","MCKILL","MCINJURE","RAMP1","RAMP2","CITY","COUNTY","STATE","X_CHP","Y_CHP"
"6496788",-121.4504883,38.4050445,2014,"3450","0","4","3","08",0,1,"A",,,,,,600,6,"E","I","A","FRANKLIN BL","ELK GROVE BL",1373,"S","N","2014-08-11",340,"2014-06-12",545,"10332","4102","5","5","0","0",,"0","004","-","N",,0,0,,,0,,,,"Y",1,"A","-",22107,,"N","A","H","-","A","D","0","Y","A","01",0,1,0,0,0,0,0,0,0,"-","-","ELK GROVE","SACRAMENTO","CA",0,0
"6496768",-121.4827631,38.499445,2014,"3404","0","5","4","00",0,1,"A",,,,,,900,6,"D","C","A","24TH ST","57TH AV",0,,"Y","2014-08-11",3404,"2014-06-20",714,"0407","4","5","7","0","0",,"0","00B","-","N",,0,0,,,0,,,,"Y",2,"D","-",0,,"N","A","H","-","A","A","0","Y","-","-",0,0,1,0,0,0,0,0,0,"-","-","SACRAMENTO","SACRAMENTO","CA",0,0
"6496764",-121.4505631,38.610325,2014,"3404","0","5","4","09",0,1,"A",,,"Y",,,900,6,"D","C","A","DEL PASO BL","RIO LINDA BL",0,,"Y","2014-08-08",3404,"2014-06-13",746,"0304","SACTO","5","7","0","0",,"0","02C","-","N",,0,0,,,0,,,,"Y",2,"A","-",21801,"A","N","A","H","-","A","D","0","Y","A","01",0,0,1,0,0,0,0,0,1,"-","-","SACRAMENTO","SACRAMENTO","CA",0,0
"6496748",0,0,2014,"3450","0","1","4","09",0,1,"A",,,,,,1200,6,"D","C","A","LAGUNA BL","LAGUNA SPRINGS DR",0,,"Y","2014-08-11",340,"2014-06-16",1121,"10165","2405","5","5","0","0",,"0","002","-","N",,0,0,,,0,,,,"Y",2,"A","-",21453,"C","N","A","H","-","A","A","0","Y","A","01",0,0,1,0,0,0,0,0,0,"-","-","ELK GROVE","SACRAMENTO","CA",0,0
"6496744",-121.4175985,38.4090551,2014,"3450","0","1","4","12",0,2,"A",,,,,,1200,6,"D","C","A","ELK GROVE BL","BRUCEVILLE RD",56,"E","N","2014-08-11",340,"2014-06-09",918,"10260","4104","5","5","0","0",,"0","004","-","N",,0,0,,,0,,,,"Y",2,"A","-",21453,"A","N","A","H","-","A","A","0","Y","A","01",0,0,2,0,0,0,0,0,0,"-","-","ELK GROVE","SACRAMENTO","CA",0,0
"6496740",-121.3717931,38.452665,2014,"3450","0","7","3","12",0,3,"A",,,,,,1800,6,"D","C","A","CALVINE RD","ELK GROVE FLORIN RD",0,,"Y","2014-08-11",340,"2014-06-15",1615,"10527","3201","5","5","0","0",,"0","003","-","N",,0,0,,,0,,,,"Y",2,"A","-",21453,"A","N","A","H","-","A","A","0","Y","A","01",0,1,2,0,0,0,0,0,0,"-","-","ELK GROVE","SACRAMENTO","CA",0,0
"6495807",-121.1868734,38.6475126,2014,"3401","0","1","4","03",0,1,"A",,,,,,1800,6,"C","C","A","FOLSOM BL","NATOMA STATION",772,"N","N","2014-08-13",3401,"2014-06-09",1727,"203","4","5","5","0","0",,"0","004","-","N",,0,0,,,0,,,,"Y",2,"A","-",22350,,"N","A","H","-","A","A","0","Y","D","22",0,0,1,0,0,0,0,0,0,"-","-","FOLSOM","SACRAMENTO","CA",0,0
"6495800",-121.4719731,38.5588151,2014,"3404","2","6","4","01",0,1,"A",,,,"Y","Y",600,6,"B","C","A","RT 50","RT 99",130,"W","N","2016-03-26",9252,"2014-06-07",425,"17971",,"3","7","0","1",,"2","150","-","Y","SAC",3,50,"-","L",2.46,"H","-","E","Y",2,"A","-",23152,"A","N","A","H","-","C","D","1","Y","A","01",0,0,1,0,0,0,0,0,0,"-","-","SACRAMENTO","SACRAMENTO","CA",-121.47462,38.55889
"6494907",-121.2350223,38.6694527,2014,"3400","5","1","4","03",0,1,"A",,,,,,1200,6,"C","C","A","ILLINOIS AV","PERSHING AV",30,"S","N","2014-08-08",9260,"2014-06-02",1140,"016685",,"1","9","0","3",,"2","003","-","N",,0,0,,,0,,,,"N",2,"A","-",22350,,"N","A","H","-","A","D","0","Y","D","22",0,0,1,0,0,0,0,0,0,"-","-","UNINCORPORATED","SACRAMENTO","CA",0,0
"6494899",-121.2441231,38.6643785,2014,"3400","4","1","3","08",0,2,"A",,,,,,1800,6,"A","C","A","MADISON AV","KENNETH AV",40,"E","N","2014-08-08",9260,"2014-06-02",1655,"016685",,"2","9","0","2",,"2","304","-","N",,0,0,,,0,,,,"Y",2,"A","-",22107,,"N","A","H","-","A","D","0","Y","D","22",0,1,1,0,0,0,0,0,0,"-","-","UNINCORPORATED","SACRAMENTO","CA",0,0
"6494895",-121.3684715,38.556472,2014,"3400","4","1","4","09",0,1,"A",,,,,,1500,6,"D","C","A","FOLSOM BL","LA QUINTA DR",145,"W","N","2014-08-08",9260,"2014-06-02",1340,"013560",,"1","9","0","2",,"2","101","-","N",,0,0,,,0,,,,"Y",3,"A","-",21804,"A","N","A","D","E","A","A","0","Y","A","01",0,0,1,0,0,0,0,0,0,"-","-","UNINCORPORATED","SACRAMENTO","CA",-121,38
"6489918",-121.3902936,38.4236061,2014,"3450","0","5","4","21",0,1,"A",,,,,,1800,6,"C","C","A","BOND RD","E STOCKTON BL",15,"W","N","2014-08-11",340,"2014-06-06",1546,"10006","5101","5","5","0","0",,"0","005","-","N",,0,0,,,0,,,,"N",2,"A","-",22106,,"N","A","H","-","A","A","0","Y","D","23",0,0,1,0,0,0,0,0,0,"-","-","ELK GROVE","SACRAMENTO","CA",0,0
"6489914",-121.3744469,38.4526386,2014,"3450","0","2","4","08",0,1,"A",,,,,,1800,6,"D","C","A","CALVINE RD","ELK GROVE FLORIN RD",760,"W","N","2014-08-12",340,"2014-06-03",1730,"10054","3201","5","5","0","0",,"0","003","-","N",,0,0,,,0,,,,"Y",3,"A","-",22107,,"N","A","H","-","A","D","0","Y","A","01",0,0,1,0,0,0,0,0,0,"-","-","ELK GROVE","SACRAMENTO","CA",0,0
"6489906",-121.3347131,38.399545,2014,"3450","0","2","2","09",0,1,"A",,,,"Y",,1500,6,"D","C","A","GRANT LINE RD","BRADSHAW RD",0,,"Y","2014-08-11",340,"2014-06-03",1452,"10551","5302","5","5","0","0",,"0","005","-","N",,0,0,,,0,,,,"Y",2,"A","-",21801,"A","N","A","H","-","A","D","0","Y","A","01",1,0,0,0,0,0,0,0,0,"-","-","ELK GROVE","SACRAMENTO","CA",0,0
"6489902",-121.3916806,38.4091106,2014,"3450","0","5","4","09",0,1,"A",,,,,,1800,6,"D","C","A","ELK GROVE BL","AUTO CENTER DR",250,"E","N","2014-08-11",340,"2014-06-06",1634,"10006","4203","5","5","0","0",,"0","004","-","N",,0,0,,,0,,,,"N",2,"A","-",21804,"A","N","A","H","-","A","A","0","Y","D","22",0,0,1,0,0,0,0,0,0,"-","-","ELK GROVE","SACRAMENTO","CA",0,0
"6489549",-121.271873,38.7076651,2014,"3496","0","6","4","03",0,1,"A",,,,,,300,6,"C","C","A","SUNRISE BL","ANTELOPE RD",0,,"Y","2014-08-12",3496,"2014-06-07",157,"351","3496","5","5","0","0",,"0",,"-","N",,0,0,,,0,,,,"N",2,"A","-",22350,,"F","A","H","-","C","A","0","Y","D","23",0,0,1,0,0,0,0,0,0,"-","-","CITRUS HEIGHTS","SACRAMENTO","CA",0,0
"6489248",-121.4569431,38.636805,2014,"3404","0","1","4","03",0,1,"A",,,,"Y",,900,6,"C","C","A","NORWOOD AV","GRAND AV",0,,"Y","2014-08-08",3404,"2014-06-02",730,"0778",,"5","7","0","0",,"0","02A","-","N",,0,0,,,0,,,,"Y",3,"A","-",22350,,"F","A","H","-","A","A","0","Y","F","21",0,0,1,0,0,0,0,0,0,"-","-","SACRAMENTO","SACRAMENTO","CA",0,0
"6489244",-121.45966,38.5737715,2014,"3404","0","1","4","08",0,1,"A",,"Y",,,,900,6,"H","G","A","H ST","34TH ST",4,"E","N","2014-08-08",3404,"2014-06-02",802,"0741",,"5","7","0","0",,"0",,"-","N",,0,0,,,0,,,,"N",2,"A","-",22107,,"F","A","H","-","A","D","0","Y","D","22",0,0,1,0,0,0,1,0,0,"-","-","SACRAMENTO","SACRAMENTO","CA",0,0
"6489240",-121.4286231,38.539625,2014,"3404","0","2","3","06",0,3,"A",,,,,,1500,6,"D","C","A","14TH AV","65TH ST",0,,"Y","2014-08-08",3404,"2014-06-03",1425,"0741",,"5","7","0","0",,"0",,"-","N",,0,0,,,0,,,,"Y",2,"A","-",21750,,"N","A","H","-","A","D","0","Y","-",,0,1,2,0,0,0,0,0,0,"-","-","SACRAMENTO","SACRAMENTO","CA",0,0
"6481199",-121.4136219,38.4630433,2014,"3400","3","2","3","03",0,3,"A",,,,,,1200,6,"C","C","A","RT 99","CALVINE RD",2416,"N","N","2015-03-07",9252,"2014-06-10",1044,"14512",,"1","9","0","1",,"2","191","-","Y","SAC",3,99,"-","-",16.71,"H","-","S","Y",2,"A","-",22350,,"N","A","D","H","A","D","1","Y","A","01",0,2,1,0,0,0,0,0,0,"-","-","UNINCORPORATED","SACRAMENTO","CA",-121.41356,38.46262
"6481183",-121.5190867,38.5042337,2014,"3404","1","4","4","03",0,3,"A",,,,,,1800,6,"C","C","A","RT 5","FLORIN RD",2640,"N","N","2015-03-11",9252,"2014-06-19",1720,"18159",,"2","7","0","1",,"2","107","-","Y","SAC",3,5,"-","-",17.69,"H","-","S","N",4,"A","-",22350,,"N","A","H","-","A","D","1","Y","A","01",0,0,3,0,0,0,0,0,0,"-","-","SACRAMENTO","SACRAMENTO","CA",-121.51775,38.50038
"6481128",-121.4450853,38.5569541,2014,"3404","2","3","4","03",0,1,"A",,,,,,1800,6,"C","C","A","RT 50","51ST ST",400,"E","N","2014-12-26",9252,"2014-06-04",1700,"13732",,"2","7","0","1",,"2","151","-","Y","SAC",3,50,"-","R",1.72,"H","-","W","N",2,"A","-",22350,,"N","A","H","-","A","D","1","Y","A","01",0,0,1,0,0,0,0,0,0,"-","-","SACRAMENTO","SACRAMENTO","CA",-121.44331,38.55645
"6292114",-121.4376931,38.423435,2014,"3450","0","6","1","09",1,5,"B",,,,,,1500,12,"D","C","A","LAGUNA BL","LAGUNA PARK DR",0,,"Y","2015-12-30",340,"2014-12-06",1437,"10140","2302","5","5","0","0",,"0","002","-","N",,0,0,,,0,,,,"Y",3,"A","-",21453,"C","N","B","H","-","A","A","0","Y","A","01",0,2,3,0,0,0,0,0,0,"-","-","ELK GROVE","SACRAMENTO","CA",0,0
"6292109",-121.3326431,38.6098851,2014,"3400","4","4","1","03",1,2,"B",,,,,,900,11,"E","I","A","EL CAMINO AV","EL TONAS WY",0,,"Y","2015-04-20",9250,"2014-11-20",735,"15342",,"1","9","0","2",,"1","044","C","N",,0,0,,,0,,,,"N",1,"A","-",22350,,"N","B","H","-","A","D","0","Y","A","07",1,0,1,0,0,0,0,0,0,"-","-","UNINCORPORATED","SACRAMENTO","CA",0,0
"6292079",-121.4578658,38.2850747,2014,"3400","1","7","1","01",1,0,"A",,,,,"Y",2500,11,"E","I","A","RT 5","TWIN CITIES RD",333,"N","N","2015-04-13",9252,"2014-11-09",2500,"16747",,"4","9","0","1",,"2","105","-","Y","SAC",3,5,"-","-",2.19,"H","-","N","Y",1,"A","-",23152,"A","N","A","H","-","D","D","1","Y","A","01",0,0,0,0,0,0,0,0,0,"-","-","UNINCORPORATED","SACRAMENTO","CA",-121.45788,38.28536
"6292078",-121.4740322,38.5467937,2014,"3404","3","5","1","01",1,0,"A",,,"Y","Y","Y",2100,10,"B","C","A","RT 99","5TH AV",600,"N","N","2015-04-13",9252,"2014-10-03",1942,"18159",,"2","7","0","1",,"2","192","-","Y","SAC",3,99,"-","-",23.8,"H","-","S","Y",6,"A","-",23152,"A","N","A","H","-","C","D","1","Y","C","02",0,0,0,0,0,0,0,1,0,"-","-","SACRAMENTO","SACRAMENTO","CA",-121.47515,38.55141
"6292058",0,0,2014,"3400","4","5","1","03",2,3,"A",,,"Y",,,2100,8,"D","C","A","ANTELOPE RD","BLACK BEAR DR",318,"W","N","2015-04-03",9250,"2014-08-15",2041,"17999",,"2","9","0","2",,"1","012","-","N",,0,0,,,0,,,,"Y",3,"A","-",22350,,"N","A","H","-","C","D","0","Y","C","02",0,2,1,0,0,0,0,2,2,"-","-","UNINCORPORATED","SACRAMENTO","CA",0,0
"6291930",-121.4461432,38.6272457,2014,"3404","0","3","1","11",1,0,"B","Y",,,,,2100,12,"G","B","D","RIO LINDA BL","EVANS ST",33,"N","N","2015-02-06",3404,"2014-12-03",1909,"0241",,"5","7","0","0",,"0","02B","-","N",,0,0,,,0,,,,"N",2,"A","-",21954,"A","N","B","H","-","C","D","0","Y","N","60",0,0,0,1,0,0,0,0,0,"-","-","SACRAMENTO","SACRAMENTO","CA",0,0
"6291929",-121.4318666,38.6019079,2014,"3404","0","3","1","11",1,0,"B","Y",,,,"Y",2400,12,"G","B","E","ARDEN WY","POINT WEST WY",394,"W","N","2015-02-10",3404,"2014-12-03",2322,"0647",,"5","7","0","0",,"0","02C","-","N",,0,0,,,0,,,,"N",2,"A","-",21954,"A","N","B","H","-","C","D","0","Y","N","60",0,0,0,1,0,0,0,0,0,"-","-","SACRAMENTO","SACRAMENTO","CA",0,0
"6291918",-121.401473,38.409115,2014,"3450","0","2","1","11",1,0,"B","Y",,,,,1800,11,"G","B","D","ELK GROVE BL","BIG TIMBER DR",0,,"Y","2015-02-06",340,"2014-11-18",1740,"10140","4202","5","5","0","0",,"0","004","-","N",,0,0,,,0,,,,"Y",3,"A","-",21954,"A","N","A","H","-","C","D","0","Y","N","60",0,0,0,1,0,0,0,0,0,"-","-","ELK GROVE","SACRAMENTO","CA",0,0
"6291913",-121.5351754,38.2719901,2014,"3400","5","2","1","11",1,0,"A","Y",,,,"Y",300,11,"G","B","E","RIVER RD","TWIN CITIES RD",2904,"N","N","2015-02-06",9252,"2014-11-11",40,"018730",,"3","9","0","3",,"2","090","-","N",,0,0,,,0,,,,"N",2,"A","-",21956,"A","N","A","H","-","D","D","0","Y","N","60",0,0,0,1,0,0,0,0,0,"-","-","UNINCORPORATED","SACRAMENTO","CA",-121.5497,38.28304
"6291909",-121.3855631,38.7042651,2014,"3400","5","5","1","11",1,0,"A","Y",,,,,1800,11,"G","B","D","U ST","MIDTOWN DR",0,,"Y","2015-02-05",9250,"2014-11-07",1743,"018863",,"2","9","0","3",,"2","010","-","N",,0,0,,,0,,,,"N",2,"A","-",21954,"A","N","A","H","-","C","D","0","Y","N","60",0,0,0,1,0,0,0,0,0,"-","-","UNINCORPORATED","SACRAMENTO","CA",-121.3855,38.7043
"6291895",-121.5922161,38.6724311,2014,"3400","5","1","1","08",1,0,"A",,,"Y",,,2100,10,"E","I","A","N BAYOU RD","CROSSFIELD DR",2608,"S","N","2015-02-02",9250,"2014-10-13",1925,"14142",,"2","9","0","3",,"2","090","-","N",,0,0,,,0,,,,"Y",1,"A","-",22107,,"N","A","H","-","C","D","0","Y","C","02",0,0,0,0,0,0,0,1,0,"-","-","UNINCORPORATED","SACRAMENTO","CA",0,0
"6291876",-121.4042783,38.6295845,2014,"3400","3","4","1","08",1,3,"A",,,,,,2400,9,"E","J","A","RT 51","FULTON AV",968,"S","N","2015-01-27",9250,"2014-09-25",2133,"19169",,"2","9","0","1",,"2","152","-","Y","SAC",3,51,"-","-",6.61,"H","-","S","Y",1,"A","-",22107,,"N","A","H","-","D","D","1","Y","A","07",2,1,0,0,0,0,0,0,0,"-","-","UNINCORPORATED","SACRAMENTO","CA",-121.2416,38.37458
"6291869",-121.2536668,38.5700286,2014,"3490","0","6","1","08",1,0,"A",,,,,,300,9,"E","I","A","SUNRISE BL","MECHANICAL DR",837,"S","N","2015-01-23",3400,"2014-09-20",158,"969","RC","5","5","0","0",,"0",,"-","N",,0,0,,,0,,,,"Y",1,"A","-",22107,,"N","A","H","-","C","D","0","Y","-",,0,0,0,0,0,0,0,0,0,"-","-","RANCHO CORDOVA","SACRAMENTO","CA",0,0
"6291860",-121.3464394,38.6608051,2014,"3400","4","1","1","11",1,0,"A","Y",,,,,1800,9,"G","B","D","MADISON AV","AUBURN BL",127,"E","N","2015-01-23",9250,"2014-09-01",1625,"17383",,"2","9","0","2",,"1","024","-","N",,0,0,,,0,,,,"N",3,"A","-",21954,"A","F","A","H","-","A","D","0","Y","N","60",0,0,0,1,0,0,0,0,0,"-","-","UNINCORPORATED","SACRAMENTO","CA",0,0
"6291841",-121.4153432,38.6128704,2014,"3400","4","4","1","01",3,0,"A",,"Y",,,"Y",1500,10,"E","I","A","HOWE AV","BURNEY WY",184,"N","N","2015-01-14",9250,"2014-10-23",1424,"19069",,"2","9","0","2",,"1","041","-","N",,0,0,,,0,,,,"Y",2,"A","-",23152,"A","N","A","H","-","A","A","0","Y","A","08",0,0,0,0,0,1,0,0,0,"-","-","UNINCORPORATED","SACRAMENTO","CA",-121.41529,38.61304
"6291839",-121.5405844,38.726595,2014,"3404","3","1","1","05",1,1,"A",,,,,,600,10,"C","C","A","RT 99","ELVERTA RD",4215,"N","N","2015-01-20",9250,"2014-10-20",545,"12813",,"3","7","0","1",,"1","193","-","Y","SAC",3,99,"-","-",36.17,"H","-","S","Y",2,"A","-",21651,"A","N","A","H","-","D","D","0","Y","A","01",0,0,1,0,0,0,0,0,0,"-","-","SACRAMENTO","SACRAMENTO","CA",0,0
"6291793",-121.3905131,38.513015,2014,"3404","0","3","1","00",1,0,"A",,"Y",,"Y",,600,11,"H","G","A","FLORIN PERKINS RD","OKINAWA ST",0,,"Y","2014-12-22",3404,"2014-11-26",508,"831",,"5","7","0","0",,"0","06C","-","N",,0,0,,,0,,,,"N",2,"D","-",0,,"N","A","H","-","C","A","0","Y","-","-",0,0,0,0,0,1,0,0,0,"-","-","SACRAMENTO","SACRAMENTO","CA",0,0
"6291737",-121.4291599,38.6682848,2014,"3404","0","1","1","14",1,0,"A",,"Y",,,,2400,10,"H","G","A","RALEY BL","ASCOT AV",306,"S","N","2014-12-16",3404,"2014-10-13",2300,"241",,"5","7","0","0",,"0","02A","-","N",,0,0,,,0,,,,"N",2,"A","-",21201,"D","F","A","H","-","D","D","0","Y","L","04",0,0,0,0,0,1,0,0,0,"-","-","SACRAMENTO","SACRAMENTO","CA",0,0
"6291689",-121.4090485,38.4997698,2014,"3400","4","4","1","05",1,1,"A",,,"Y",,,1500,9,"B","C","A","POWER INN RD","CANTINA CT",104,"S","N","2014-12-11",9252,"2014-09-04",1440,"18243",,"2","9","0","2",,"2","073","-","N",,0,0,,,0,,,,"Y",2,"A","-",21460,"A","N","A","H","-","A","D","0","Y","C","02",0,0,1,0,0,0,0,1,0,"-","-","UNINCORPORATED","SACRAMENTO","CA",-121.40905,38.4997
"6291685",-121.4680965,38.6004021,2014,"3404","3","5","1","17",1,1,"A",,,"Y",,,1200,6,"A","C","A","RT 160","DEL PASO BL",39,"N","N","2015-12-30",9250,"2014-06-20",1043,"16624",,"1","7","0","1",,"2","164","-","Y","SAC",3,160,"-","R",45.09,"H","-","S","Y",3,"A","-",21658,"B","N","A","H","-","A","D","1","Y","D","22",0,1,0,0,0,0,0,1,0,"-","-","SACRAMENTO","SACRAMENTO","CA",0,0
"6291684",-121.4698693,38.5103701,2014,"3400","4","1","1","08",1,0,"A",,"Y",,,,2400,6,"H","G","A","47TH AV","KIESSIG AV",182,"W","N","2015-12-30",9252,"2014-06-16",2305,"18435",,"3","9","0","2",,"1","071","-","N",,0,0,,,0,,,,"N",2,"A","-",22107,,"N","A","H","-","D","D","0","Y","-","99",0,0,0,0,0,1,0,0,0,"-","-","UNINCORPORATED","SACRAMENTO","CA",-121.46975,38.51048
"6291683",-121.5587412,38.2029851,2014,"3400","3","7","1","08",1,0,"A",,,,,"Y",2100,6,"E","I","A","RT 160","WALKER LANDING RD",3696,"S","N","2015-12-22",9252,"2014-06-15",2042,"18782",,"2","9","0","1",,"2","162","-","Y","SAC",3,160,"-","-",9,"H","-","N","Y",1,"A","-",22107,,"N","A","H","-","A","D","0","Y","A","01",0,0,0,0,0,0,0,0,0,"-","-","UNINCORPORATED","SACRAMENTO","CA",-121.55889,38.20208
"6291648",-121.5142439,38.5601015,2014,"3404","1","4","1","-",1,0,"A","Y",,,"Y",,300,10,"G","B","E","RT 5","BROADWAY",1977,"S","N","2014-11-26",9252,"2014-10-02",225,"017258",,"3","7","0","1",,"2","107","-","Y","SAC",3,5,"-","-",22.06,"H","-","N","N",2,"A","-",0,,"N","A","D","-","D","D","1","Y","N","60",0,0,0,1,0,0,0,0,0,"-","-","SACRAMENTO","SACRAMENTO","CA",-121.51464,38.56208
"6291631",-121.3568331,38.6643551,2014,"3404","1","6","1","08",1,0,"A",,,,,,600,8,"E","I","A","RT 80","MADISON AV",548,"E","N","2014-11-25",9250,"2014-08-02",340,"17862",,"3","7","0","1",,"2","183","-","Y","SAC",3,80,"-","-",12.675,"R","2","W","Y",1,"A","-",22107,,"N","A","H","-","D","D","1","Y","D","22",0,0,0,0,0,0,0,0,0,"TO","-","SACRAMENTO","SACRAMENTO","CA",0,0
"6291604",-121.5380603,38.504269,2014,"3404","0","7","1","11",1,0,"A","Y",,,,"Y",2100,10,"G","B","D","FLORIN RD","GLORIA DR",10,"W","N","2016-01-08",3404,"2014-10-19",2056,"241",,"5","7","0","0",,"0","04C","-","N",,0,0,,,0,,,,"Y",2,"A","-",21954,"A","N","A","H","-","C","A","0","Y","N","60",0,0,0,1,0,0,0,0,0,"-","-","SACRAMENTO","SACRAMENTO","CA",0,0
"6291523",-121.4514339,38.5013853,2014,"3404","3","7","1","08",1,1,"A",,,,,,1500,7,"E","I","A","RT 99","TURNBRIDGE DR",574,"S","N","2015-12-30",9252,"2014-07-06",1225,"17522",,"1","7","0","1",,"2","192","-","Y","SAC",3,99,"-","-",20.06,"H","-","N","Y",1,"A","-",22107,,"N","A","H","-","A","D","1","Y","A","01",0,1,0,0,0,0,0,0,0,"-","-","SACRAMENTO","SACRAMENTO","CA",-121.45107,38.5012
"6291520",-121.3282932,38.6296154,2014,"3400","4","3","1","11",1,0,"A","Y",,,,,300,7,"G","B","D","FAIR OAKS BL","GRANT AV",51,"S","N","2014-10-31",9250,"2014-07-02",1,"14369",,"3","9","0","2",,"1","053","-","N",,0,0,,,0,,,,"Y",2,"A","-",21954,"A","N","A","H","-","C","A","0","Y","N","60",0,0,0,1,0,0,0,0,0,"-","-","UNINCORPORATED","SACRAMENTO","CA",0,0
"6291510",-121.2491041,38.6879526,2014,"3400","5","2","1","11",1,0,"A","Y",,,,,2100,9,"G","B","D","CENTRAL AV","TRAJAN DR",184,"E","N","2014-10-30",9260,"2014-09-16",1825,"13560",,"2","9","0","3",,"2","003","-","N",,0,0,,,0,,,,"N",2,"A","-",21954,"A","N","A","H","-","A","A","0","Y","N","60",0,0,0,1,0,0,0,0,0,"-","-","UNINCORPORATED","SACRAMENTO","CA",-121.24899,38.68796
"6291508",-121.498763,38.5681616,2014,"3404","0","5","1","10",1,0,"A","Y",,,,,900,9,"G","B","B","10TH ST","U ST",9,"S","N","2014-10-30",3404,"2014-09-12",736,"424",,"5","7","0","0",,"0","03A","-","N",,0,0,,,0,,,,"N",2,"A","-",21950,"A","N","A","H","-","A","D","0","Y","A",,0,0,0,1,0,0,0,0,0,"-","-","SACRAMENTO","SACRAMENTO","CA",0,0
"6291373",-121.7062289,38.0902419,2014,"3400","3","7","1","01",1,2,"A",,,"Y",,"Y",1200,6,"A","C","A","RT 160","RT 12",8976,"N","N","2014-10-27",9252,"2014-06-08",1125,"18575",,"1","9","0","1",,"2","162","-","Y","SAC",3,160,"-","-",1.7,"H","-","N","Y",2,"A","-",23152,"A","N","A","H","-","A","D","0","Y","C","02",0,0,2,0,0,0,0,1,0,"-","-","UNINCORPORATED","SACRAMENTO","CA",-121.65878,38.17466
"6291255",-121.3573339,38.6174823,2014,"3400","4","7","1","11",1,0,"A","Y",,,,"Y",2400,8,"G","B","D","MARCONI AV","MISSION AV",589,"W","N","2016-01-13",9250,"2014-08-03",2130,"17397",,"2","9","0","2",,"1","052","-","N",,0,0,,,0,,,,"Y",2,"A","-",21954,"A","N","A","H","-","D","D","0","Y","N","60",0,0,0,1,0,0,0,0,0,"-","-","UNINCORPORATED","SACRAMENTO","CA",0,0
"6291201",-121.5480908,38.5021836,2014,"3404","0","3","1","01",1,2,"A",,,,,,1800,7,"E","I","A","RIVERSIDE BL","PARK RIVIERA WY",312,"S","N","2014-10-13",3404,"2014-07-23",1620,"241",,"5","7","0","0",,"0","04C","-","N",,0,0,,,0,,,,"Y",1,"A","-",23152,"E","N","A","H","-","A","D","0","Y","A","07",1,1,0,0,0,0,0,0,0,"-","-","SACRAMENTO","SACRAMENTO","CA",0,0
"6291183",-121.4912309,38.4814251,2014,"3404","0","3","1","11",1,0,"A","Y",,,,,2400,7,"G","B","D","MEADOW VIEW RD","MANORSIDE DR",118,"E","N","2014-08-23",3404,"2014-07-23",2217,"0241",,"5","7","0","0",,"0","05A","-","N",,0,0,,,0,,,,"Y",3,"A","-",21954,"A","N","A","H","-","C","D","0","Y","N","60",0,0,0,1,0,0,0,0,0,"-","-","SACRAMENTO","SACRAMENTO","CA",0,0
"6291182",-121.1097524,38.6766217,2014,"3401","0","7","1","03",1,0,"A",,,,,"Y",300,7,"E","I","A","GOLF LINKS DR","E NATOMA ST",244,"S","N","2015-12-24",3401,"2014-07-20",120,"222","3","5","5","0","0",,"0","003","-","N",,0,0,,,0,,,,"Y",1,"A","-",22350,,"N","A","H","-","C","A","0","Y","A","01",0,0,0,0,0,0,0,0,0,"-","-","FOLSOM","SACRAMENTO","CA",-121.10986,38.67667
"6291127",-121.492433,38.561575,2014,"3404","0","7","1","01",1,2,"A",,,,,"Y",900,6,"D","C","A","BROADWAY","LAND PARK DR",0,,"Y","2014-09-25",3404,"2014-06-08",646,"0430","4A","5","7","0","0",,"0",,"-","N",,0,0,,,0,,,,"Y",2,"A","-",23153,"A","F","A","H","-","A","A","0","Y","A","01",0,2,0,0,0,0,0,0,0,"-","-","SACRAMENTO","SACRAMENTO","CA",0,0
"6291091",-121.4154031,38.574145,2014,"3404","0","1","1","01",1,1,"A",,,,,"Y",300,6,"E","I","A","HOWE AV","FAIR OAKS BL",0,,"Y","2014-09-29",3404,"2014-06-16",104,"647",,"5","7","0","0",,"0","06D","-","N",,0,0,,,0,,,,"Y",1,"A","-",23152,"A","N","A","H","-","C","D","0","Y","A","01",1,0,0,0,0,0,0,0,0,"-","-","SACRAMENTO","SACRAMENTO","CA",0,0